[MoveID],[LevelID],[Name],[WeaponID],[Equip],[Hand],[ActionID],[ImpactAreaId],[Damage],[CastTime]
MS0001,Lvl01,Mercialargo,Sword,Line,1,Counter,UpperBody,2100,6
MS0002,Lvl01,,Sword,,,Counter,,2100,6
MS0003,Lvl01,,Sword,,,Counter,,2100,6
MS0004,Lvl01,,Sword,,,Counter,,2100,
MS0005,Lvl01,,Sword,,,Counter,,2100,
MS0006,Lvl01,,Sword,,,Counter,,2310,
MS0007,Lvl01,,Sword,,,Counter,,2310,
MS0008,Lvl01,,Unarmed,,,,,1,
MS0009,Lvl01,,Unarmed,,,,,1,
MS0010,Lvl01,,Unarmed,,,,,1,
MS0011,Lvl01,,Unarmed,,,,,1,
MS0012,Lvl01,,Unarmed,,,Attack,,1,
MS0013,Lvl01,,Unarmed,,,Counter,,1,
MS0014,Lvl01,,Unarmed,,,Defend,,1,
MS0015,Lvl01,,Unarmed,,,Divert,,1,
MS0016,Lvl01,,Unarmed,,,Grapple,,1,
MS0017,Lvl01,,Unarmed,,,Chain,,1,
MS0018,Lvl01,,Unarmed,,,Combine,,1,
MS0019,Lvl01,,Unarmed,,,Suicide,,1,
MS0020,Lvl01,,Unarmed,,,Attack,,1,
MS0021,Lvl01,,Unarmed,,,,,1,
MS0022,Lvl01,,Unarmed,,,,,1,
MS0023,Lvl01,,Unarmed,,,,,1,
MS0024,Lvl01,,Unarmed,,,,,1,
MS0025,Lvl01,,Unarmed,,,,,1,
MS0026,Lvl01,,Unarmed,,,,,1,
MS0027,Lvl01,,Unarmed,,,,,1,
MS0028,Lvl01,,Unarmed,,,,,1,
MS0029,Lvl01,,Unarmed,,,,,1,
MS0030,Lvl01,,Unarmed,,,,,1,
MS0031,Lvl01,,Unarmed,,,,,1,
MS0032,Lvl01,,Unarmed,,,,,1,
MS0033,Lvl01,,Unarmed,,,,,1,
MS0034,Lvl01,,Unarmed,,,,,1,
MS0035,Lvl01,,Unarmed,,,,,1,
MS0036,Lvl01,,Unarmed,,,,,1,
MS0037,Lvl01,,Unarmed,,,,,1,
MS0038,Lvl01,,Unarmed,,,,,1,
MS0039,Lvl01,,Unarmed,,,,,1,
MS0040,Lvl01,,Unarmed,,,,,1,
MS0041,Lvl01,,Unarmed,,,,,1,
MS0042,Lvl01,,Unarmed,,,,,1,
MS0043,Lvl01,,Archery,,,Attack,,2000,
MS0044,Lvl01,,Archery,,,,,2000,
MS0045,Lvl01,,Archery,,,,,2000,
MS0046,Lvl01,,Archery,,,,,2200,
MS0047,Lvl01,,Archery,,,,,2000,
MS0048,Lvl01,,Archery,,,,,2000,
MS0049,Lvl01,,Archery,,,,,2000,
MS0050,Lvl01,,Archery,,,,,2200,
MS0051,Lvl01,,Archery,,,,,2000,
MS0052,Lvl01,,Archery,,,,,2200,
MS0053,Lvl01,,Archery,,,,,2000,
MS0054,Lvl01,,Archery,,,,,2000,
MS0055,Lvl01,,Archery,,,,,2200,
MS0056,Lvl01,,Archery,,,,,2200,
MS0057,Lvl01,,Archery,,,,,2000,
MS0058,Lvl01,,Archery,,,,,2200,
MS0059,Lvl01,,Archery,,,,,2200,
MS0060,Lvl01,,Archery,,,,,2000,
MS0061,Lvl01,,Archery,,,,,2000,
MS0062,Lvl01,,Archery,,,,,2000,
MS0063,Lvl01,,Archery,,,,,2000,
MS0064,Lvl01,,Archery,,,,,2200,
MS0065,Lvl01,,Axe,,,,,2750,
MS0066,Lvl01,,Axe,,,,,2750,
MS0067,Lvl01,,Axe,,,,,2500,
MS0068,Lvl01,,Axe,,,,,2750,
MS0069,Lvl01,,Axe,,,,,2500,
MS0070,Lvl01,,Axe,,,,,2750,
MS0071,Lvl01,,Axe,,,,,2750,
MS0072,Lvl01,,Axe,,,,,2500,
MS0073,Lvl01,,Axe,,,,,2500,
MS0074,Lvl01,,Axe,,,,,2750,
MS0075,Lvl01,,Axe,,,,,2750,
MS0076,Lvl01,,Axe,,,,,2750,
MS0077,Lvl01,,Axe,,,,,2500,
MS0078,Lvl01,,Axe,,,,,2500,
MS0079,Lvl01,,Axe,,,,,2500,
MS0080,Lvl01,,Blade,,,,,2300,
MS0081,Lvl01,,Blade,,,,,2300,
MS0082,Lvl01,,Blade,,,,,2300,
MS0083,Lvl01,,Blade,,,,,2530,
MS0084,Lvl01,,Blade,,,,,2300,
MS0085,Lvl01,,Blade,,,,,2530,
MS0086,Lvl01,,Blade,,,,,2300,
MS0087,Lvl01,,Blade,,,,,2530,
MS0088,Lvl01,,Blade,,,,,2300,
MS0089,Lvl01,,Blade,,,,,2530,
MS0090,Lvl01,,Blade,,,,,2530,
MS0091,Lvl01,,Blade,,,,,2530,
MS0092,Lvl01,,Blade,,,,,2530,
MS0093,Lvl01,,Blade,,,,,2530,
MS0094,Lvl01,,Blade,,,,,2530,
MS0095,Lvl01,,Blade,,,,,2300,
MS0096,Lvl01,,Blade,,,,,2530,
MS0097,Lvl01,,Blade,,,,,2530,
MS0098,Lvl01,,Blade,,,,,2300,
MS0099,Lvl01,,Blade,,,,,2300,
MS0100,Lvl01,,Blade,,,,,2300,
MS0101,Lvl01,,Blade,,,,,2300,
MS0102,Lvl01,,Blade,,,,,2300,
MS0103,Lvl01,,Blade,,,,,2530,
MS0104,Lvl01,,Blade,,,,,2530,
MS0105,Lvl01,,Blade,,,,,2530,
MS0106,Lvl01,,Blade,,,,,2530,
MS0107,Lvl01,,Blade,,,,,2530,
MS0108,Lvl01,,Blade,,,,,2300,
MS0109,Lvl01,,Blade,,,,,2530,
MS0110,Lvl01,,Blade,,,,,2530,
MS0111,Lvl01,,Blade,,,,,2530,
MS0112,Lvl01,,Blade,,,,,2530,
MS0113,Lvl01,,Blade,,,,,2530,
MS0114,Lvl01,,Blade,,,,,2530,
MS0115,Lvl01,,Blade,,,,,2300,
MS0116,Lvl01,,Blade,,,,,2300,
MS0117,Lvl01,,Blade,,,,,2300,
MS0118,Lvl01,,Blade,,,,,2300,
MS0119,Lvl01,,Blade,,,,,2530,
MS0120,Lvl01,,Blade,,,,,2530,
MS0121,Lvl01,,Bomb,,,,,44000,
MS0122,Lvl01,,Bomb,,,,,40000,
MS0123,Lvl01,,Bomb,,,,,44000,
MS0124,Lvl01,,Bomb,,,,,40000,
MS0125,Lvl01,,Bomb,,,,,44000,
MS0126,Lvl01,,Bomb,,,,,40000,
MS0127,Lvl01,,Bomb,,,,,40000,
MS0128,Lvl01,,Bomb,,,,,44000,
MS0129,Lvl01,,Bomb,,,,,40000,
MS0130,Lvl01,,Bomb,,,,,44000,
MS0131,Lvl01,,Dagger,,,,,1700,
MS0132,Lvl01,,Dagger,,,,,1700,
MS0133,Lvl01,,Dagger,,,,,1700,
MS0134,Lvl01,,Dagger,,,,,1700,
MS0135,Lvl01,,Dagger,,,,,1870,
MS0136,Lvl01,,Dagger,,,,,1700,
MS0137,Lvl01,,Dagger,,,,,1870,
MS0138,Lvl01,,Dagger,,,,,1870,
MS0139,Lvl01,,Dagger,,,,,1700,
MS0140,Lvl01,,Dagger,,,,,1700,
MS0141,Lvl01,,Dagger,,,,,1870,
MS0142,Lvl01,,Dagger,,,,,1700,
MS0143,Lvl01,,Dagger,,,,,1700,
MS0144,Lvl01,,Dagger,,,,,1870,
MS0145,Lvl01,,Dagger,,,,,1700,
MS0146,Lvl01,,Dagger,,,,,1870,
MS0147,Lvl01,,Dagger,,,,,1870,
MS0148,Lvl01,,Dagger,,,,,1870,
MS0149,Lvl01,,Dagger,,,,,1870,
MS0150,Lvl01,,Dagger,,,,,1870,
MS0151,Lvl01,,Dagger,,,,,1870,
MS0152,Lvl01,,Dagger,,,,,1870,
MS0153,Lvl01,,Dagger,,,,,1870,
MS0154,Lvl01,,DualDaggers,,,,,2090,
MS0155,Lvl01,,DualDaggers,,,,,2090,
MS0156,Lvl01,,DualDaggers,,,,,2090,
MS0157,Lvl01,,DualDaggers,,,,,2090,
MS0158,Lvl01,,DualDaggers,,,,,1900,
MS0159,Lvl01,,DualDaggers,,,,,2090,
MS0160,Lvl01,,DualDaggers,,,,,2090,
MS0161,Lvl01,,DualDaggers,,,,,1900,
MS0162,Lvl01,,DualDaggers,,,,,2090,
MS0163,Lvl01,,DualDaggers,,,,,1900,
MS0164,Lvl01,,DualDaggers,,,,,1900,
MS0165,Lvl01,,DualDaggers,,,,,2090,
MS0166,Lvl01,,DualDaggers,,,,,1900,
MS0167,Lvl01,,DualDaggers,,,,,1900,
MS0168,Lvl01,,DualDaggers,,,,,2090,
MS0169,Lvl01,,DualDaggers,,,,,2090,
MS0170,Lvl01,,DualDaggers,,,,,1900,
MS0171,Lvl01,,DualDaggers,,,,,2090,
MS0172,Lvl01,,DualDaggers,,,,,1900,
MS0173,Lvl01,,DualDaggers,,,,,1900,
MS0174,Lvl01,,DualDaggers,,,,,1900,
MS0175,Lvl01,,DualDaggers,,,,,2090,
MS0176,Lvl01,,DualDaggers,,,,,1900,
MS0177,Lvl01,,DualDaggers,,,,,1900,
MS0178,Lvl01,,DualDaggers,,,,,1900,
MS0179,Lvl01,,DualDaggers,,,,,1900,
MS0180,Lvl01,,DualDaggers,,,,,2090,
MS0181,Lvl01,,DualDaggers,,,,,2090,
MS0182,Lvl01,,DualDaggers,,,,,2090,
MS0183,Lvl01,,DualDaggers,,,,,1900,
MS0184,Lvl01,,DualDaggers,,,,,1900,
MS0185,Lvl01,,DualDaggers,,,,,1900,
MS0186,Lvl01,,DualDaggers,,,,,1900,
MS0187,Lvl01,,DualDaggers,,,,,1900,
MS0188,Lvl01,,DualDaggers,,,,,1900,
MS0189,Lvl01,,DualDaggers,,,,,1900,
MS0190,Lvl01,,DualDaggers,,,,,2090,
MS0191,Lvl01,,DualDaggers,,,,,2090,
MS0192,Lvl01,,DualDaggers,,,,,2090,
MS0193,Lvl01,,DualDaggers,,,,,2090,
MS0194,Lvl01,,DualDaggers,,,,,2090,
MS0195,Lvl01,,DualDaggers,,,,,1900,
MS0196,Lvl01,,DualDaggers,,,,,2090,
MS0197,Lvl01,,DualDaggers,,,,,1900,
MS0198,Lvl01,,DualDaggers,,,,,1900,
MS0199,Lvl01,,DualDaggers,,,,,2090,
MS0200,Lvl01,,DualDaggers,,,,,2090,
MS0201,Lvl01,,DualDaggers,,,,,2090,
MS0202,Lvl01,,DualDaggers,,,,,1900,
MS0203,Lvl01,,DualDaggers,,,,,2090,
MS0204,Lvl01,,DualDaggers,,,,,2090,
MS0205,Lvl01,,DualDaggers,,,,,2090,
MS0206,Lvl01,,DualDaggers,,,,,2090,
MS0207,Lvl01,,DualDaggers,,,,,2090,
MS0208,Lvl01,,DualDaggers,,,,,1900,
MS0209,Lvl01,,DualDaggers,,,,,2090,
MS0210,Lvl01,,DualDaggers,,,,,1900,
MS0211,Lvl01,,DualDaggers,,,,,2090,
MS0212,Lvl01,,DualDaggers,,,,,2090,
MS0213,Lvl01,,DualDaggers,,,,,2090,
MS0214,Lvl01,,DualDaggers,,,,,1900,
MS0215,Lvl01,,DualDaggers,,,,,1900,
MS0216,Lvl01,,DualDaggers,,,,,2090,
MS0217,Lvl01,,DualDaggers,,,,,1900,
MS0218,Lvl01,,DualDaggers,,,,,1900,
MS0219,Lvl01,,DualDaggers,,,,,1900,
MS0220,Lvl01,,DualDaggers,,,,,2090,
MS0221,Lvl01,,DualDaggers,,,,,1900,
MS0222,Lvl01,,DualDaggers,,,,,1900,
MS0223,Lvl01,,DualDaggers,,,,,2090,
MS0224,Lvl01,,DualDaggers,,,,,2090,
MS0225,Lvl01,,DualDaggers,,,,,2090,
MS0226,Lvl01,,DualDaggers,,,,,2090,
MS0227,Lvl01,,DualDaggers,,,,,1900,
MS0228,Lvl01,,DualDaggers,,,,,2090,
MS0229,Lvl01,,DualDaggers,,,,,2090,
MS0230,Lvl01,,Gloves,,,,,11,
MS0231,Lvl01,,Gloves,,,,,10,
MS0232,Lvl01,,Gloves,,,,,10,
MS0233,Lvl01,,Gloves,,,,,11,
MS0234,Lvl01,,Gloves,,,,,10,
MS0235,Lvl01,,Gloves,,,,,11,
MS0236,Lvl01,,Gloves,,,,,10,
MS0237,Lvl01,,Gloves,,,,,11,
MS0238,Lvl01,,Gloves,,,,,11,
MS0239,Lvl01,,Gloves,,,,,10,
MS0240,Lvl01,,Gloves,,,,,10,
MS0241,Lvl01,,Gloves,,,,,11,
MS0242,Lvl01,,Gloves,,,,,10,
MS0243,Lvl01,,Gloves,,,,,11,
MS0244,Lvl01,,Gloves,,,,,10,
MS0245,Lvl01,,Gloves,,,,,10,
MS0246,Lvl01,,Gloves,,,,,11,
MS0247,Lvl01,,Gloves,,,,,11,
MS0248,Lvl01,,Gloves,,,,,10,
MS0249,Lvl01,,Gloves,,,,,11,
MS0250,Lvl01,,Gloves,,,,,11,
MS0251,Lvl01,,Gloves,,,,,11,
MS0252,Lvl01,,Gloves,,,,,11,
MS0253,Lvl01,,Gloves,,,,,11,
MS0254,Lvl01,,Gloves,,,,,11,
MS0255,Lvl01,,Gloves,,,,,11,
MS0256,Lvl01,,Gloves,,,,,11,
MS0257,Lvl01,,Gloves,,,,,11,
MS0258,Lvl01,,Gloves,,,,,10,
MS0259,Lvl01,,Gloves,,,,,11,
MS0260,Lvl01,,Gloves,,,,,11,
MS0261,Lvl01,,Gloves,,,,,10,
MS0262,Lvl01,,Gloves,,,,,10,
MS0263,Lvl01,,Gloves,,,,,10,
MS0264,Lvl01,,Gloves,,,,,10,
MS0265,Lvl01,,Gloves,,,,,10,
MS0266,Lvl01,,Gloves,,,,,10,
MS0267,Lvl01,,Gloves,,,,,10,
MS0268,Lvl01,,Gloves,,,,,11,
MS0269,Lvl01,,Gloves,,,,,11,
MS0270,Lvl01,,Gloves,,,,,11,
MS0271,Lvl01,,Gloves,,,,,10,
MS0272,Lvl01,,Gloves,,,,,10,
MS0273,Lvl01,,Gloves,,,,,11,
MS0274,Lvl01,,Gloves,,,,,10,
MS0275,Lvl01,,Gloves,,,,,10,
MS0276,Lvl01,,Gloves,,,,,10,
MS0277,Lvl01,,Gloves,,,,,11,
MS0278,Lvl01,,Gloves,,,,,10,
MS0279,Lvl01,,Gloves,,,,,11,
MS0280,Lvl01,,Gloves,,,,,10,
MS0281,Lvl01,,Gloves,,,,,10,
MS0282,Lvl01,,Gloves,,,,,11,
MS0283,Lvl01,,Gloves,,,,,10,
MS0284,Lvl01,,Gloves,,,,,10,
MS0285,Lvl01,,Gloves,,,,,10,
MS0286,Lvl01,,Gloves,,,,,11,
MS0287,Lvl01,,Gloves,,,,,11,
MS0288,Lvl01,,Gloves,,,,,10,
MS0289,Lvl01,,Gloves,,,,,10,
MS0290,Lvl01,,Gloves,,,,,11,
MS0291,Lvl01,,Gloves,,,,,11,
MS0292,Lvl01,,Gloves,,,,,11,
MS0293,Lvl01,,Gloves,,,,,10,
MS0294,Lvl01,,Gloves,,,,,11,
MS0295,Lvl01,,Gloves,,,,,10,
MS0296,Lvl01,,Gloves,,,,,10,
MS0297,Lvl01,,Gloves,,,,,11,
MS0298,Lvl01,,Gloves,,,,,10,
MS0299,Lvl01,,Gloves,,,,,10,
MS0300,Lvl01,,Gloves,,,,,11,
MS0301,Lvl01,,Flute,,,,,2,
MS0302,Lvl01,,Flute,,,,,2,
MS0303,Lvl01,,Flute,,,,,2,
MS0304,Lvl01,,Flute,,,,,2,
MS0305,Lvl01,,Flute,,,,,2,
MS0306,Lvl01,,Flute,,,,,2,
MS0307,Lvl01,,Flute,,,,,2,
MS0308,Lvl01,,Flute,,,,,2,
MS0309,Lvl01,,Flute,,,,,2,
MS0310,Lvl01,,Flute,,,,,2,
MS0311,Lvl01,,Flute,,,,,2,
MS0312,Lvl01,,Flute,,,,,2,
MS0313,Lvl01,,Flute,,,,,2,
MS0314,Lvl01,,Flute,,,,,2,
MS0315,Lvl01,,Flute,,,,,2,
MS0316,Lvl01,,Hammer,,,,,990,
MS0317,Lvl01,,Hammer,,,,,900,
MS0318,Lvl01,,Hammer,,,,,990,
MS0319,Lvl01,,Hammer,,,,,990,
MS0320,Lvl01,,Hammer,,,,,900,
MS0321,Lvl01,,Hammer,,,,,900,
MS0322,Lvl01,,Hammer,,,,,900,
MS0323,Lvl01,,Hammer,,,,,900,
MS0324,Lvl01,,Hammer,,,,,900,
MS0325,Lvl01,,Hammer,,,,,990,
MS0326,Lvl01,,Hammer,,,,,900,
MS0327,Lvl01,,Hammer,,,,,990,
MS0328,Lvl01,,Hammer,,,,,900,
MS0329,Lvl01,,Hammer,,,,,990,
MS0330,Lvl01,,Hammer,,,,,900,
MS0331,Lvl01,,Hammer,,,,,900,
MS0332,Lvl01,,Hammer,,,,,990,
MS0333,Lvl01,,Hammer,,,,,900,
MS0334,Lvl01,,Hammer,,,,,900,
MS0335,Lvl01,,Hammer,,,,,990,
MS0336,Lvl01,,Hammer,,,,,990,
MS0337,Lvl01,,Hammer,,,,,990,
MS0338,Lvl01,,Hammer,,,,,900,
MS0339,Lvl01,,Hammer,,,,,900,
MS0340,Lvl01,,Hammer,,,,,990,
MS0341,Lvl01,,Hammer,,,,,990,
MS0342,Lvl01,,Hammer,,,,,990,
MS0343,Lvl01,,Hammer,,,,,990,
MS0344,Lvl01,,Hammer,,,,,990,
MS0345,Lvl01,,Hammer,,,,,900,
MS0346,Lvl01,,Hammer,,,,,900,
MS0347,Lvl01,,Hammer,,,,,900,
MS0348,Lvl01,,Projectile,,,,,12000,
MS0349,Lvl01,,Projectile,,,,,13200,
MS0350,Lvl01,,Projectile,,,,,13200,
MS0351,Lvl01,,Projectile,,,,,12000,
MS0352,Lvl01,,Projectile,,,,,12000,
MS0353,Lvl01,,Projectile,,,,,12000,
MS0354,Lvl01,,Projectile,,,,,13200,
MS0355,Lvl01,,Projectile,,,,,13200,
MS0356,Lvl01,,Projectile,,,,,13200,
MS0357,Lvl01,,Projectile,,,,,12000,
MS0358,Lvl01,,Projectile,,,,,13200,
MS0359,Lvl01,,Projectile,,,,,13200,
MS0360,Lvl01,,Projectile,,,,,12000,
MS0361,Lvl01,,Projectile,,,,,13200,
MS0362,Lvl01,,Projectile,,,,,12000,
MS0363,Lvl01,,Projectile,,,,,13200,
MS0364,Lvl01,,Projectile,,,,,12000,
MS0365,Lvl01,,Projectile,,,,,12000,
MS0366,Lvl01,,Projectile,,,,,12000,
MS0367,Lvl01,,Projectile,,,,,12000,
MS0368,Lvl01,,Projectile,,,,,12000,
MS0369,Lvl01,,Projectile,,,,,13200,
MS0370,Lvl01,,Projectile,,,,,12000,
MS0371,Lvl01,,Projectile,,,,,12000,
MS0372,Lvl01,,Projectile,,,,,13200,
MS0373,Lvl01,,Projectile,,,,,12000,
MS0374,Lvl01,,Projectile,,,,,13200,
MS0375,Lvl01,,Projectile,,,,,12000,
MS0376,Lvl01,,Projectile,,,,,13200,
MS0377,Lvl01,,Projectile,,,,,12000,
MS0378,Lvl01,,Projectile,,,,,12000,
MS0379,Lvl01,,Projectile,,,,,12000,
MS0380,Lvl01,,Projectile,,,,,12000,
MS0381,Lvl01,,Projectile,,,,,13200,
MS0382,Lvl01,,Projectile,,,,,13200,
MS0383,Lvl01,,DualProjetiles,,,,,15000,
MS0384,Lvl01,,DualProjetiles,,,,,15000,
MS0385,Lvl01,,DualProjetiles,,,,,15000,
MS0386,Lvl01,,DualProjetiles,,,,,16500,
MS0387,Lvl01,,DualProjetiles,,,,,15000,
MS0388,Lvl01,,DualProjetiles,,,,,15000,
MS0389,Lvl01,,DualProjetiles,,,,,15000,
MS0390,Lvl01,,DualProjetiles,,,,,16500,
MS0391,Lvl01,,DualProjetiles,,,,,15000,
MS0392,Lvl01,,DualProjetiles,,,,,16500,
MS0393,Lvl01,,DualProjetiles,,,,,15000,
MS0394,Lvl01,,DualProjetiles,,,,,16500,
MS0395,Lvl01,,DualProjetiles,,,,,16500,
MS0396,Lvl01,,DualProjetiles,,,,,15000,
MS0397,Lvl01,,DualProjetiles,,,,,15000,
MS0398,Lvl01,,DualProjetiles,,,,,16500,
MS0399,Lvl01,,DualProjetiles,,,,,15000,
MS0400,Lvl01,,DualProjetiles,,,,,15000,
MS0401,Lvl01,,DualProjetiles,,,,,15000,
MS0402,Lvl01,,DualProjetiles,,,,,16500,
MS0403,Lvl01,,DualProjetiles,,,,,16500,
MS0404,Lvl01,,DualProjetiles,,,,,15000,
MS0405,Lvl01,,DualProjetiles,,,,,15000,
MS0406,Lvl01,,DualProjetiles,,,,,15000,
MS0407,Lvl01,,DualProjetiles,,,,,15000,
MS0408,Lvl01,,DualProjetiles,,,,,16500,
MS0409,Lvl01,,DualProjetiles,,,,,15000,
MS0410,Lvl01,,Rapier,,,,,2200,
MS0411,Lvl01,,Rapier,,,,,2200,
MS0412,Lvl01,,Rapier,,,,,2200,
MS0413,Lvl01,,Rapier,,,,,2420,
MS0414,Lvl01,,Rapier,,,,,2200,
MS0415,Lvl01,,Rapier,,,,,2200,
MS0416,Lvl01,,Rapier,,,,,2200,
MS0417,Lvl01,,Rapier,,,,,2200,
MS0418,Lvl01,,Rapier,,,,,2420,
MS0419,Lvl01,,Rapier,,,,,2420,
MS0420,Lvl01,,Rapier,,,,,2200,
MS0421,Lvl01,,Rapier,,,,,2420,
MS0422,Lvl01,,Rapier,,,,,2420,
MS0423,Lvl01,,Rapier,,,,,2200,
MS0424,Lvl01,,Rapier,,,,,2200,
MS0425,Lvl01,,Rapier,,,,,2420,
MS0426,Lvl01,,Rapier,,,,,2200,
MS0427,Lvl01,,Rapier,,,,,2420,
MS0428,Lvl01,,Rapier,,,,,2200,
MS0429,Lvl01,,Rapier,,,,,2420,
MS0430,Lvl01,,Rapier,,,,,2420,
MS0431,Lvl01,,Rapier,,,,,2200,
MS0432,Lvl01,,Rapier,,,,,2200,
MS0433,Lvl01,,Rapier,,,,,2420,
MS0434,Lvl01,,Rod,,,,,440,
MS0435,Lvl01,,Rod,,,,,440,
MS0436,Lvl01,,Rod,,,,,440,
MS0437,Lvl01,,Rod,,,,,400,
MS0438,Lvl01,,Rod,,,,,400,
MS0439,Lvl01,,Rod,,,,,400,
MS0440,Lvl01,,Rod,,,,,400,
MS0441,Lvl01,,Rod,,,,,440,
MS0442,Lvl01,,Rod,,,,,400,
MS0443,Lvl01,,Rod,,,,,440,
MS0444,Lvl01,,Rod,,,,,440,
MS0445,Lvl01,,Rod,,,,,400,
MS0446,Lvl01,,Rod,,,,,440,
MS0447,Lvl01,,Rod,,,,,400,
MS0448,Lvl01,,Rod,,,,,400,
MS0449,Lvl01,,Rod,,,,,400,
MS0450,Lvl01,,Rod,,,,,400,
MS0451,Lvl01,,Rod,,,,,400,
MS0452,Lvl01,,Rod,,,,,440,
MS0453,Lvl01,,Rod,,,,,400,
MS0454,Lvl01,,Rod,,,,,400,
MS0455,Lvl01,,Rod,,,,,440,
MS0456,Lvl01,,Shield,,,,,55,
MS0457,Lvl01,,Shield,,,,,55,
MS0458,Lvl01,,Shield,,,Counter,,50,
MS0459,Lvl01,,Shield,,,,,55,
MS0460,Lvl01,,Shield,,,,,50,
MS0461,Lvl01,,Shield,,,,,50,
MS0462,Lvl01,,Shield,,,,,50,
MS0463,Lvl01,,Shield,,,,,55,
MS0464,Lvl01,,Shield,,,,,50,
MS0465,Lvl01,,Shield,,,,,50,
MS0466,Lvl01,,Shield,,,,,55,
MS0467,Lvl01,,Shield,,,,,55,
MS0468,Lvl01,,Shield,,,,,55,
MS0469,Lvl01,,Shield,,,,,50,
MS0470,Lvl01,,Spear,,,,,2900,
MS0471,Lvl01,,Spear,,,,,3190,
MS0472,Lvl01,,Spear,,,,,2900,
MS0473,Lvl01,,Spear,,,,,2900,
MS0474,Lvl01,,Spear,,,,,3190,
MS0475,Lvl01,,Spear,,,,,2900,
MS0476,Lvl01,,Spear,,,,,2900,
MS0477,Lvl01,,Spear,,,,,3190,
MS0478,Lvl01,,Spear,,,,,2900,
MS0479,Lvl01,,Spear,,,,,2900,
MS0480,Lvl01,,Spear,,,,,2900,
MS0481,Lvl01,,Spear,,,,,2900,
MS0482,Lvl01,,Spear,,,,,3190,
MS0483,Lvl01,,Spear,,,,,2900,
MS0484,Lvl01,,Spear,,,,,3190,
MS0485,Lvl01,,Spear,,,,,2900,
MS0486,Lvl01,,Spear,,,,,2900,
MS0487,Lvl01,,Spear,,,,,3190,
MS0488,Lvl01,,Spear,,,,,2900,
MS0489,Lvl01,,Spear,,,,,3190,
MS0490,Lvl01,,Spear,,,,,3190,
MS0491,Lvl01,,Spear,,,,,2900,
MS0492,Lvl01,,Spear,,,,,2900,
MS0493,Lvl01,,Spear,,,,,2900,
MS0494,Lvl01,,Stick,,,,,40,
MS0495,Lvl01,,Stick,,,,,40,
MS0496,Lvl01,,Stick,,,,,40,
MS0497,Lvl01,,Stick,,,,,40,
MS0498,Lvl01,,Stick,,,,,40,
MS0499,Lvl01,,Stick,,,,,40,
MS0500,Lvl01,,Stick,,,,,40,
MS0501,Lvl01,,Stick,,,,,44,
MS0502,Lvl01,,Stick,,,,,44,
MS0503,Lvl01,,Stick,,,,,44,
MS0504,Lvl01,,Stick,,,,,40,
MS0505,Lvl01,,Stick,,,,,44,
MS0506,Lvl01,,Stick,,,,,44,
MS0507,Lvl01,,Stick,,,,,40,
MS0508,Lvl01,,Stick,,,,,44,
MS0509,Lvl01,,Stick,,,,,44,
MS0510,Lvl01,,Stick,,,,,40,
MS0511,Lvl01,,Stick,,,,,40,
MS0512,Lvl01,,Stick,,,,,40,
MS0513,Lvl01,,Stick,,,,,40,
MS0514,Lvl01,,Stick,,,,,40,
MS0515,Lvl01,,Stick,,,,,44,
MS0516,Lvl01,,Stick,,,,,44,
MS0517,Lvl01,,Stick,,,,,44,
MS0518,Lvl01,,Stick,,,,,44,
MS0519,Lvl01,,Stick,,,,,44,
MS0520,Lvl01,,Stick,,,,,40,
MS0521,Lvl01,,Sword,,,,,2100,
MS0522,Lvl01,,Sword,,,,,2100,
MS0523,Lvl01,,Sword,,,,,2100,
MS0524,Lvl01,,Sword,,,,,2100,
MS0525,Lvl01,,Sword,,,,,2100,
MS0526,Lvl01,,Sword,,,,,2310,
MS0527,Lvl01,,Sword,,,,,2100,
MS0528,Lvl01,,Sword,,,,,2100,
MS0529,Lvl01,,Sword,,,,,2100,
MS0530,Lvl01,,Sword,,,,,2310,
MS0531,Lvl01,,Sword,,,,,2100,
MS0532,Lvl01,,Sword,,,,,2100,
MS0533,Lvl01,,Sword,,,,,2310,
MS0534,Lvl01,,Sword,,,,,2310,
MS0535,Lvl01,,Sword,,,,,2100,
MS0536,Lvl01,,Sword,,,,,2310,
MS0537,Lvl01,,Sword,,,,,2310,
MS0538,Lvl01,,Sword,,,,,2100,
MS0539,Lvl01,,Sword,,,,,2100,
MS0540,Lvl01,,Sword,,,,,2100,
MS0541,Lvl01,,Sword,,,,,2310,
MS0542,Lvl01,,Sword,,,,,2100,
MS0543,Lvl01,,Sword,,,,,2310,
MS0544,Lvl01,,Sword,,,,,2100,
MS0545,Lvl01,,Sword,,,,,2100,
MS0546,Lvl01,,Sword,,,,,2100,
MS0547,Lvl01,,Sword,,,,,2100,
MS0548,Lvl01,,Sword,,,,,2310,
MS0549,Lvl01,,Sword,,,,,2310,
MS0550,Lvl01,,Sword,,,,,2100,
MS0551,Lvl01,,Sword,,,,,2100,
MS0552,Lvl01,,Sword,,,,,2310,
MS0553,Lvl01,,Sword,,,,,2310,
MS0554,Lvl01,,Sword,,,,,2100,
MS0555,Lvl01,,Sword,,,,,2100,
MS0556,Lvl01,,Sword,,,,,2310,
MS0557,Lvl01,,Sword,,,,,2100,
MS0558,Lvl01,,Sword,,,,,2100,
MS0559,Lvl01,,Sword,,,,,2310,
MS0560,Lvl01,,Sword,,,,,2310,
MS0561,Lvl01,,Sword,,,,,2100,
MS0562,Lvl01,,Sword,,,,,2100,
MS0563,Lvl01,,Sword,,,,,2310,
MS0564,Lvl01,,Wand,,,,,2,
MS0565,Lvl01,,Wand,,,,,2,
MS0566,Lvl01,,Wand,,,,,2,
MS0567,Lvl01,,Wand,,,,,2,
MS0568,Lvl01,,Wand,,,,,2,
MS0569,Lvl01,,Wand,,,,,2,
MS0570,Lvl01,,Wand,,,,,2,
MS0571,Lvl01,,Wand,,,,,2,
MS0572,Lvl01,,Wand,,,,,2,
MS0573,Lvl01,,Wand,,,,,2,
MS0574,Lvl01,,Wand,,,,,2,
MS0575,Lvl01,,Wand,,,,,2,
MS0576,Lvl01,,Wand,,,,,2,
MS0577,Lvl01,,Wand,,,,,2,
MS0578,Lvl01,,Wand,,,,,2,
MS0579,Lvl01,,Wand,,,,,2,
MS0580,Lvl01,,Wheel,,,,,150,
MS0581,Lvl01,,Wheel,,,,,165,
MS0582,Lvl01,,Wheel,,,,,165,
MS0583,Lvl01,,Wheel,,,,,150,
MS0584,Lvl01,,Wheel,,,,,150,
MS0585,Lvl01,,Wheel,,,,,165,
MS0586,Lvl01,,Wheel,,,,,165,
MS0587,Lvl01,,Wheel,,,,,165,
MS0588,Lvl01,,Wheel,,,,,150,
MS0589,Lvl01,,Wheel,,,,,165,
MS0590,Lvl01,,Wheel,,,,,150,
MS0591,Lvl01,,Wheel,,,,,165,
MS0592,Lvl01,,Whip,,,,,66,
MS0593,Lvl01,,Whip,,,,,66,
MS0594,Lvl01,,Whip,,,,,60,
MS0595,Lvl01,,Whip,,,,,66,
MS0596,Lvl01,,Whip,,,,,60,
MS0597,Lvl01,,Whip,,,,,66,
MS0598,Lvl01,,Whip,,,,,66,
MS0599,Lvl01,,Whip,,,,,60,
MS0600,Lvl01,,Whip,,,,,60,
MS0601,Lvl01,,Whip,,,,,66,
MS0602,Lvl01,,Whip,,,,,66,
MS0603,Lvl01,,Whip,,,,,66,
MS0604,Lvl01,,Whip,,,,,66,
MS0605,Lvl01,,Wand,,,,,2,
MS0606,Lvl01,,Wand,,,,,2,
MS0607,Lvl01,,Wand,,,,,2,
MS0608,Lvl01,,Wand,,,,,2,
MS0609,Lvl01,,Wand,,,,,2,
MS0610,Lvl01,,Wand,,,,,2,
MS0611,Lvl01,,Wand,,,,,2,
MS0612,Lvl01,,Wand,,,,,2,
MS0613,Lvl01,,Wand,,,,,2,
MS0614,Lvl01,,Wand,,,,,2,
MS0615,Lvl01,,Wand,,,,,2,
MS0616,Lvl01,,Wand,,,,,2,
MS0617,Lvl01,,Wand,,,,,2,
MS0618,Lvl01,,Wand,,,,,2,
MS0619,Lvl01,,Wand,,,,,2,
MS0620,Lvl01,,Sword,,,,,2310,
MS0621,Lvl01,,Sword,,,,,2100,
MS0622,Lvl01,,Sword,,,,,2100,
MS0623,Lvl01,,Sword,,,,,2100,
MS0624,Lvl01,,DualSwords,,,,,2640,
MS0625,Lvl01,,DualSwords,,,,,2400,
MS0626,Lvl01,,DualSwords,,,,,2400,
MS0627,Lvl01,,DualSwords,,,,,2640,
MS0628,Lvl01,,DualSwords,,,,,2400,
MS0629,Lvl01,,DualSwords,,,,,2400,
MS0630,Lvl01,,DualSwords,,,,,2400,
MS0631,Lvl01,,DualSwords,,,,,2640,
MS0632,Lvl01,,DualSwords,,,,,2640,
MS0633,Lvl01,,DualSwords,,,,,2640,
MS0634,Lvl01,,DualSwords,,,,,2640,
MS0635,Lvl01,,DualSwords,,,,,2400,
MS0636,Lvl01,,DualSwords,,,,,2640,
MS0637,Lvl01,,DualSwords,,,,,2640,
MS0638,Lvl01,,DualSwords,,,,,2400,
MS0639,Lvl01,,DualSwords,,,,,2400,
MS0640,Lvl01,,DualSwords,,,,,2400,
MS0641,Lvl01,,DualSwords,,,,,2640,
MS0642,Lvl01,,DualSwords,,,,,2400,
MS0643,Lvl01,,DualSwords,,,,,2640,
MS0644,Lvl01,,DualSwords,,,,,2400,
MS0645,Lvl01,,DualSwords,,,,,2400,
MS0646,Lvl01,,DualSwords,,,,,2640,
MS0647,Lvl01,,DualSwords,,,,,2640,
MS0648,Lvl01,,DualSwords,,,,,2640,
MS0649,Lvl01,,DualSwords,,,,,2400,
MS0650,Lvl01,,DualSwords,,,,,2400,
MS0651,Lvl01,,DualSwords,,,,,2400,
MS0652,Lvl01,,DualSwords,,,,,2640,
MS0653,Lvl01,,DualSwords,,,,,2400,
MS0654,Lvl01,,DualSwords,,,,,2640,
MS0655,Lvl01,,DualSwords,,,,,2640,
MS0656,Lvl01,,DualSwords,,,,,2640,
MS0657,Lvl01,,DualSwords,,,,,2400,
MS0658,Lvl01,,DualSwords,,,,,2640,
MS0659,Lvl01,,DualSwords,,,,,2640,
MS0660,Lvl01,,DualSwords,,,,,2640,
MS0661,Lvl01,,DualSwords,,,,,2640,
MS0662,Lvl01,,DualSwords,,,,,2400,
MS0663,Lvl01,,DualSwords,,,,,2400,
MS0664,Lvl01,,DualSwords,,,,,2640,
MS0665,Lvl01,,DualSwords,,,,,2400,
MS0666,Lvl01,,DualSwords,,,,,2640,
MS0667,Lvl01,,DualSwords,,,,,2640,
MS0668,Lvl01,,DualSwords,,,,,2400,
MS0669,Lvl01,,DualSwords,,,,,2400,
MS0670,Lvl01,,DualSwords,,,,,2400,
MS0671,Lvl01,,DualSwords,,,,,2640,
MS0672,Lvl01,,DualSwords,,,,,2400,
MS0673,Lvl01,,DualSwords,,,,,2400,
MS0674,Lvl01,,DualSwords,,,,,2640,
MS0675,Lvl01,,DualSwords,,,,,2640,
MS0676,Lvl01,,DualSwords,,,,,2640,
MS0677,Lvl01,,DualSwords,,,,,2400,
MS0678,Lvl01,,DualSwords,,,,,2640,
MS0679,Lvl01,,DualSwords,,,,,2400,
MS0680,Lvl01,,DualSwords,,,,,2640,
MS0681,Lvl01,,DualSwords,,,,,2400,
MS0682,Lvl01,,DualSwords,,,,,2640,
MS0683,Lvl01,,DualSwords,,,,,2400,
MS0684,Lvl01,,DualSwords,,,,,2400,
MS0685,Lvl01,,DualSwords,,,,,2400,
MS0686,Lvl01,,DualSwords,,,,,2640,
MS0687,Lvl01,,DualSwords,,,,,2640,
MS0688,Lvl01,,DualSwords,,,,,2400,
MS0689,Lvl01,,DualSwords,,,,,2640,
MS0690,Lvl01,,DualSwords,,,,,2640,
MS0691,Lvl01,,DualSwords,,,,,2400,
MS0692,Lvl02,,,,,,,,
MS0693,Lvl02,,,,,,,,
MS0694,Lvl02,,,,,,,,
MS0695,Lvl02,,,,,,,,
MS0696,Lvl02,,,,,,,,
MS0697,Lvl02,,,,,,,,
MS0698,Lvl02,,,,,,,,
MS0699,Lvl02,,,,,,,,
MS0700,Lvl02,,,,,,,,
MS0701,Lvl02,,,,,,,,
MS0702,Lvl02,,,,,,,,
MS0703,Lvl02,,,,,,,,
MS0704,Lvl02,,,,,,,,
MS0705,Lvl02,,,,,,,,
MS0706,Lvl02,,,,,,,,
MS0707,Lvl02,,,,,,,,
MS0708,Lvl02,,,,,,,,
MS0709,Lvl02,,,,,,,,
MS0710,Lvl02,,,,,,,,
MS0711,Lvl02,,,,,,,,
MS0712,Lvl02,,,,,,,,
MS0713,Lvl02,,,,,,,,
MS0714,Lvl02,,,,,,,,
MS0715,Lvl02,,,,,,,,
MS0716,Lvl02,,,,,,,,
MS0717,Lvl02,,,,,,,,
MS0718,Lvl02,,,,,,,,
MS0719,Lvl02,,,,,,,,
MS0720,Lvl02,,,,,,,,
MS0721,Lvl02,,,,,,,,
MS0722,Lvl02,,,,,,,,
MS0723,Lvl02,,,,,,,,
MS0724,Lvl02,,,,,,,,
MS0725,Lvl02,,,,,,,,
MS0726,Lvl02,,,,,,,,
MS0727,Lvl02,,,,,,,,
MS0728,Lvl02,,,,,,,,
MS0729,Lvl02,,,,,,,,
MS0730,Lvl02,,,,,,,,
MS0731,Lvl02,,,,,,,,
MS0732,Lvl02,,,,,,,,
MS0733,Lvl02,,,,,,,,
MS0734,Lvl02,,,,,,,,
MS0735,Lvl02,,,,,,,,
MS0736,Lvl02,,,,,,,,
MS0737,Lvl02,,,,,,,,
MS0738,Lvl02,,,,,,,,
MS0739,Lvl02,,,,,,,,
MS0740,Lvl02,,,,,,,,
MS0741,Lvl02,,,,,,,,
MS0742,Lvl02,,,,,,,,
MS0743,Lvl02,,,,,,,,
MS0744,Lvl02,,,,,,,,
MS0745,Lvl02,,,,,,,,
MS0746,Lvl02,,,,,,,,
MS0747,Lvl02,,,,,,,,
MS0748,Lvl02,,,,,,,,
MS0749,Lvl02,,,,,,,,
MS0750,Lvl02,,,,,,,,
MS0751,Lvl02,,,,,,,,
MS0752,Lvl02,,,,,,,,
MS0753,Lvl02,,,,,,,,
MS0754,Lvl02,,,,,,,,
MS0755,Lvl02,,,,,,,,
MS0756,Lvl02,,,,,,,,
MS0757,Lvl02,,,,,,,,
MS0758,Lvl02,,,,,,,,
MS0759,Lvl02,,,,,,,,
MS0760,Lvl02,,,,,,,,
MS0761,Lvl02,,,,,,,,
MS0762,Lvl02,,,,,,,,
MS0763,Lvl02,,,,,,,,
MS0764,Lvl02,,,,,,,,
MS0765,Lvl02,,,,,,,,
MS0766,Lvl02,,,,,,,,
MS0767,Lvl02,,,,,,,,
MS0768,Lvl02,,,,,,,,
MS0769,Lvl02,,,,,,,,
MS0770,Lvl02,,,,,,,,
MS0771,Lvl02,,,,,,,,
MS0772,Lvl02,,,,,,,,
MS0773,Lvl02,,,,,,,,
MS0774,Lvl02,,,,,,,,
MS0775,Lvl02,,,,,,,,
MS0776,Lvl02,,,,,,,,
MS0777,Lvl02,,,,,,,,
MS0778,Lvl02,,,,,,,,
MS0779,Lvl02,,,,,,,,
MS0780,Lvl02,,,,,,,,
MS0781,Lvl02,,,,,,,,
MS0782,Lvl02,,,,,,,,
MS0783,Lvl02,,,,,,,,
MS0784,Lvl02,,,,,,,,
MS0785,Lvl02,,,,,,,,
MS0786,Lvl02,,,,,,,,
MS0787,Lvl02,,,,,,,,
MS0788,Lvl02,,,,,,,,
MS0789,Lvl02,,,,,,,,
MS0790,Lvl02,,,,,,,,
MS0791,Lvl02,,,,,,,,
MS0792,Lvl02,,,,,,,,
MS0793,Lvl02,,,,,,,,
MS0794,Lvl02,,,,,,,,
MS0795,Lvl02,,,,,,,,
MS0796,Lvl02,,,,,,,,
MS0797,Lvl02,,,,,,,,
MS0798,Lvl02,,,,,,,,
MS0799,Lvl02,,,,,,,,
MS0800,Lvl02,,,,,,,,
MS0801,Lvl02,,,,,,,,
MS0802,Lvl02,,,,,,,,
MS0803,Lvl02,,,,,,,,
MS0804,Lvl02,,,,,,,,
MS0805,Lvl02,,,,,,,,
MS0806,Lvl02,,,,,,,,
MS0807,Lvl02,,,,,,,,
MS0808,Lvl02,,,,,,,,
MS0809,Lvl02,,,,,,,,
MS0810,Lvl02,,,,,,,,
MS0811,Lvl02,,,,,,,,
MS0812,Lvl02,,,,,,,,
MS0813,Lvl02,,,,,,,,
MS0814,Lvl02,,,,,,,,
MS0815,Lvl02,,,,,,,,
MS0816,Lvl02,,,,,,,,
MS0817,Lvl02,,,,,,,,
MS0818,Lvl02,,,,,,,,
MS0819,Lvl02,,,,,,,,
MS0820,Lvl02,,,,,,,,
MS0821,Lvl02,,,,,,,,
MS0822,Lvl02,,,,,,,,
MS0823,Lvl02,,,,,,,,
MS0824,Lvl02,,,,,,,,
MS0825,Lvl02,,,,,,,,
MS0826,Lvl02,,,,,,,,
MS0827,Lvl02,,,,,,,,
MS0828,Lvl02,,,,,,,,
MS0829,Lvl02,,,,,,,,
MS0830,Lvl02,,,,,,,,
MS0831,Lvl02,,,,,,,,
MS0832,Lvl02,,,,,,,,
MS0833,Lvl02,,,,,,,,
MS0834,Lvl02,,,,,,,,
MS0835,Lvl02,,,,,,,,
MS0836,Lvl02,,,,,,,,
MS0837,Lvl02,,,,,,,,
MS0838,Lvl02,,,,,,,,
MS0839,Lvl02,,,,,,,,
MS0840,Lvl02,,,,,,,,
MS0841,Lvl02,,,,,,,,
MS0842,Lvl02,,,,,,,,
MS0843,Lvl02,,,,,,,,
MS0844,Lvl02,,,,,,,,
MS0845,Lvl02,,,,,,,,
MS0846,Lvl02,,,,,,,,
MS0847,Lvl02,,,,,,,,
MS0848,Lvl02,,,,,,,,
MS0849,Lvl02,,,,,,,,
MS0850,Lvl02,,,,,,,,
MS0851,Lvl02,,,,,,,,
MS0852,Lvl02,,,,,,,,
MS0853,Lvl02,,,,,,,,
MS0854,Lvl02,,,,,,,,
MS0855,Lvl02,,,,,,,,
MS0856,Lvl02,,,,,,,,
MS0857,Lvl02,,,,,,,,
MS0858,Lvl02,,,,,,,,
MS0859,Lvl02,,,,,,,,
MS0860,Lvl02,,,,,,,,
MS0861,Lvl02,,,,,,,,
MS0862,Lvl02,,,,,,,,
MS0863,Lvl02,,,,,,,,
MS0864,Lvl02,,,,,,,,
MS0865,Lvl02,,,,,,,,
MS0866,Lvl02,,,,,,,,
MS0867,Lvl02,,,,,,,,
MS0868,Lvl02,,,,,,,,
MS0869,Lvl02,,,,,,,,
MS0870,Lvl02,,,,,,,,
MS0871,Lvl02,,,,,,,,
MS0872,Lvl02,,,,,,,,
MS0873,Lvl02,,,,,,,,
MS0874,Lvl02,,,,,,,,
MS0875,Lvl02,,,,,,,,
MS0876,Lvl02,,,,,,,,
MS0877,Lvl02,,,,,,,,
MS0878,Lvl02,,,,,,,,
MS0879,Lvl02,,,,,,,,
MS0880,Lvl02,,,,,,,,
MS0881,Lvl02,,,,,,,,
MS0882,Lvl02,,,,,,,,
MS0883,Lvl02,,,,,,,,
MS0884,Lvl02,,,,,,,,
MS0885,Lvl02,,,,,,,,
MS0886,Lvl02,,,,,,,,
MS0887,Lvl02,,,,,,,,
MS0888,Lvl02,,,,,,,,
MS0889,Lvl02,,,,,,,,
MS0890,Lvl02,,,,,,,,
MS0891,Lvl02,,,,,,,,
MS0892,Lvl02,,,,,,,,
MS0893,Lvl02,,,,,,,,
MS0894,Lvl02,,,,,,,,
MS0895,Lvl02,,,,,,,,
MS0896,Lvl02,,,,,,,,
MS0897,Lvl02,,,,,,,,
MS0898,Lvl02,,,,,,,,
MS0899,Lvl02,,,,,,,,
MS0900,Lvl02,,,,,,,,
MS0901,Lvl02,,,,,,,,
MS0902,Lvl02,,,,,,,,
MS0903,Lvl02,,,,,,,,
MS0904,Lvl02,,,,,,,,
MS0905,Lvl02,,,,,,,,
MS0906,Lvl02,,,,,,,,
MS0907,Lvl02,,,,,,,,
MS0908,Lvl02,,,,,,,,
MS0909,Lvl02,,,,,,,,
MS0910,Lvl02,,,,,,,,
MS0911,Lvl02,,,,,,,,
MS0912,Lvl02,,,,,,,,
MS0913,Lvl02,,,,,,,,
MS0914,Lvl02,,,,,,,,
MS0915,Lvl02,,,,,,,,
MS0916,Lvl02,,,,,,,,
MS0917,Lvl02,,,,,,,,
MS0918,Lvl02,,,,,,,,
MS0919,Lvl02,,,,,,,,
MS0920,Lvl02,,,,,,,,
MS0921,Lvl02,,,,,,,,
MS0922,Lvl02,,,,,,,,
MS0923,Lvl02,,,,,,,,
MS0924,Lvl02,,,,,,,,
MS0925,Lvl02,,,,,,,,
MS0926,Lvl02,,,,,,,,
MS0927,Lvl02,,,,,,,,
MS0928,Lvl02,,,,,,,,
MS0929,Lvl02,,,,,,,,
MS0930,Lvl02,,,,,,,,
MS0931,Lvl02,,,,,,,,
MS0932,Lvl02,,,,,,,,
MS0933,Lvl02,,,,,,,,
MS0934,Lvl02,,,,,,,,
MS0935,Lvl02,,,,,,,,
MS0936,Lvl02,,,,,,,,
MS0937,Lvl02,,,,,,,,
MS0938,Lvl02,,,,,,,,
MS0939,Lvl02,,,,,,,,
MS0940,Lvl02,,,,,,,,
MS0941,Lvl02,,,,,,,,
MS0942,Lvl02,,,,,,,,
MS0943,Lvl02,,,,,,,,
MS0944,Lvl02,,,,,,,,
MS0945,Lvl02,,,,,,,,
MS0946,Lvl02,,,,,,,,
MS0947,Lvl02,,,,,,,,
MS0948,Lvl02,,,,,,,,
MS0949,Lvl02,,,,,,,,
MS0950,Lvl02,,,,,,,,
MS0951,Lvl02,,,,,,,,
MS0952,Lvl02,,,,,,,,
MS0953,Lvl02,,,,,,,,
MS0954,Lvl02,,,,,,,,
MS0955,Lvl02,,,,,,,,
MS0956,Lvl02,,,,,,,,
MS0957,Lvl02,,,,,,,,
MS0958,Lvl02,,,,,,,,
MS0959,Lvl02,,,,,,,,
MS0960,Lvl02,,,,,,,,
MS0961,Lvl02,,,,,,,,
MS0962,Lvl02,,,,,,,,
MS0963,Lvl02,,,,,,,,
MS0964,Lvl02,,,,,,,,
MS0965,Lvl02,,,,,,,,
MS0966,Lvl02,,,,,,,,
MS0967,Lvl02,,,,,,,,
MS0968,Lvl02,,,,,,,,
MS0969,Lvl02,,,,,,,,
MS0970,Lvl02,,,,,,,,
MS0971,Lvl02,,,,,,,,
MS0972,Lvl02,,,,,,,,
MS0973,Lvl02,,,,,,,,
MS0974,Lvl02,,,,,,,,
MS0975,Lvl02,,,,,,,,
MS0976,Lvl02,,,,,,,,
MS0977,Lvl02,,,,,,,,
MS0978,Lvl02,,,,,,,,
MS0979,Lvl02,,,,,,,,
MS0980,Lvl02,,,,,,,,
MS0981,Lvl02,,,,,,,,
MS0982,Lvl02,,,,,,,,
MS0983,Lvl02,,,,,,,,
MS0984,Lvl02,,,,,,,,
MS0985,Lvl02,,,,,,,,
MS0986,Lvl02,,,,,,,,
MS0987,Lvl02,,,,,,,,
MS0988,Lvl02,,,,,,,,
MS0989,Lvl02,,,,,,,,
MS0990,Lvl02,,,,,,,,
MS0991,Lvl02,,,,,,,,
MS0992,Lvl02,,,,,,,,
MS0993,Lvl02,,,,,,,,
MS0994,Lvl02,,,,,,,,
MS0995,Lvl02,,,,,,,,
MS0996,Lvl02,,,,,,,,
MS0997,Lvl02,,,,,,,,
MS0998,Lvl02,,,,,,,,
MS0999,Lvl02,,,,,,,,
MS1000,Lvl02,,,,,,,,
MS1001,Lvl02,,,,,,,,
MS1002,Lvl02,,,,,,,,
MS1003,Lvl02,,,,,,,,
MS1004,Lvl02,,,,,,,,
MS1005,Lvl02,,,,,,,,
MS1006,Lvl02,,,,,,,,
MS1007,Lvl02,,,,,,,,
MS1008,Lvl02,,,,,,,,
MS1009,Lvl02,,,,,,,,
MS1010,Lvl02,,,,,,,,
MS1011,Lvl02,,,,,,,,
MS1012,Lvl02,,,,,,,,
MS1013,Lvl02,,,,,,,,
MS1014,Lvl02,,,,,,,,
MS1015,Lvl02,,,,,,,,
MS1016,Lvl02,,,,,,,,
MS1017,Lvl02,,,,,,,,
MS1018,Lvl02,,,,,,,,
MS1019,Lvl02,,,,,,,,
MS1020,Lvl02,,,,,,,,
MS1021,Lvl02,,,,,,,,
MS1022,Lvl02,,,,,,,,
MS1023,Lvl02,,,,,,,,
MS1024,Lvl02,,,,,,,,
MS1025,Lvl02,,,,,,,,
MS1026,Lvl02,,,,,,,,
MS1027,Lvl02,,,,,,,,
MS1028,Lvl02,,,,,,,,
MS1029,Lvl02,,,,,,,,
MS1030,Lvl02,,,,,,,,
MS1031,Lvl02,,,,,,,,
MS1032,Lvl02,,,,,,,,
MS1033,Lvl02,,,,,,,,
MS1034,Lvl02,,,,,,,,
MS1035,Lvl02,,,,,,,,
MS1036,Lvl02,,,,,,,,
MS1037,Lvl02,,,,,,,,
MS1038,Lvl02,,,,,,,,
MS1039,Lvl02,,,,,,,,
MS1040,Lvl02,,,,,,,,
MS1041,Lvl02,,,,,,,,
MS1042,Lvl02,,,,,,,,
MS1043,Lvl02,,,,,,,,
MS1044,Lvl02,,,,,,,,
MS1045,Lvl02,,,,,,,,
MS1046,Lvl02,,,,,,,,
MS1047,Lvl02,,,,,,,,
MS1048,Lvl02,,,,,,,,
MS1049,Lvl02,,,,,,,,
MS1050,Lvl02,,,,,,,,
MS1051,Lvl02,,,,,,,,
MS1052,Lvl02,,,,,,,,
MS1053,Lvl02,,,,,,,,
MS1054,Lvl02,,,,,,,,
MS1055,Lvl02,,,,,,,,
MS1056,Lvl02,,,,,,,,
MS1057,Lvl02,,,,,,,,
MS1058,Lvl02,,,,,,,,
MS1059,Lvl02,,,,,,,,
MS1060,Lvl02,,,,,,,,
MS1061,Lvl02,,,,,,,,
MS1062,Lvl02,,,,,,,,
MS1063,Lvl02,,,,,,,,
MS1064,Lvl02,,,,,,,,
MS1065,Lvl02,,,,,,,,
MS1066,Lvl02,,,,,,,,
MS1067,Lvl02,,,,,,,,
MS1068,Lvl02,,,,,,,,
MS1069,Lvl02,,,,,,,,
MS1070,Lvl02,,,,,,,,
MS1071,Lvl02,,,,,,,,
MS1072,Lvl02,,,,,,,,
MS1073,Lvl02,,,,,,,,
MS1074,Lvl02,,,,,,,,
MS1075,Lvl02,,,,,,,,
MS1076,Lvl02,,,,,,,,
MS1077,Lvl02,,,,,,,,
MS1078,Lvl02,,,,,,,,
MS1079,Lvl02,,,,,,,,
MS1080,Lvl02,,,,,,,,
MS1081,Lvl02,,,,,,,,
MS1082,Lvl02,,,,,,,,
MS1083,Lvl02,,,,,,,,
MS1084,Lvl02,,,,,,,,
MS1085,Lvl02,,,,,,,,
MS1086,Lvl02,,,,,,,,
MS1087,Lvl02,,,,,,,,
MS1088,Lvl02,,,,,,,,
MS1089,Lvl02,,,,,,,,
MS1090,Lvl02,,,,,,,,
MS1091,Lvl02,,,,,,,,
MS1092,Lvl02,,,,,,,,
MS1093,Lvl02,,,,,,,,
MS1094,Lvl02,,,,,,,,
MS1095,Lvl02,,,,,,,,
MS1096,Lvl02,,,,,,,,
MS1097,Lvl02,,,,,,,,
MS1098,Lvl02,,,,,,,,
MS1099,Lvl02,,,,,,,,
MS1100,Lvl02,,,,,,,,
MS1101,Lvl02,,,,,,,,
MS1102,Lvl02,,,,,,,,
MS1103,Lvl02,,,,,,,,
MS1104,Lvl02,,,,,,,,
MS1105,Lvl02,,,,,,,,
MS1106,Lvl02,,,,,,,,
MS1107,Lvl02,,,,,,,,
MS1108,Lvl02,,,,,,,,
MS1109,Lvl02,,,,,,,,
MS1110,Lvl02,,,,,,,,
MS1111,Lvl02,,,,,,,,
MS1112,Lvl02,,,,,,,,
MS1113,Lvl02,,,,,,,,
MS1114,Lvl02,,,,,,,,
MS1115,Lvl02,,,,,,,,
MS1116,Lvl02,,,,,,,,
MS1117,Lvl02,,,,,,,,
MS1118,Lvl02,,,,,,,,
MS1119,Lvl02,,,,,,,,
MS1120,Lvl02,,,,,,,,
MS1121,Lvl02,,,,,,,,
MS1122,Lvl02,,,,,,,,
MS1123,Lvl02,,,,,,,,
MS1124,Lvl02,,,,,,,,
MS1125,Lvl02,,,,,,,,
MS1126,Lvl02,,,,,,,,
MS1127,Lvl02,,,,,,,,
MS1128,Lvl02,,,,,,,,
MS1129,Lvl02,,,,,,,,
MS1130,Lvl02,,,,,,,,
MS1131,Lvl02,,,,,,,,
MS1132,Lvl02,,,,,,,,
MS1133,Lvl02,,,,,,,,
MS1134,Lvl02,,,,,,,,
MS1135,Lvl02,,,,,,,,
MS1136,Lvl02,,,,,,,,
MS1137,Lvl02,,,,,,,,
MS1138,Lvl02,,,,,,,,
MS1139,Lvl02,,,,,,,,
MS1140,Lvl02,,,,,,,,
MS1141,Lvl02,,,,,,,,
MS1142,Lvl02,,,,,,,,
MS1143,Lvl02,,,,,,,,
MS1144,Lvl02,,,,,,,,
MS1145,Lvl02,,,,,,,,
MS1146,Lvl02,,,,,,,,
MS1147,Lvl02,,,,,,,,
MS1148,Lvl02,,,,,,,,
MS1149,Lvl02,,,,,,,,
MS1150,Lvl02,,,,,,,,
MS1151,Lvl02,,,,,,,,
MS1152,Lvl02,,,,,,,,
MS1153,Lvl02,,,,,,,,
MS1154,Lvl02,,,,,,,,
MS1155,Lvl02,,,,,,,,
MS1156,Lvl02,,,,,,,,
MS1157,Lvl02,,,,,,,,
MS1158,Lvl02,,,,,,,,
MS1159,Lvl02,,,,,,,,
MS1160,Lvl02,,,,,,,,
MS1161,Lvl02,,,,,,,,
MS1162,Lvl02,,,,,,,,
MS1163,Lvl02,,,,,,,,
MS1164,Lvl02,,,,,,,,
MS1165,Lvl02,,,,,,,,
MS1166,Lvl02,,,,,,,,
MS1167,Lvl02,,,,,,,,
MS1168,Lvl02,,,,,,,,
MS1169,Lvl02,,,,,,,,
MS1170,Lvl02,,,,,,,,
MS1171,Lvl02,,,,,,,,
MS1172,Lvl02,,,,,,,,
MS1173,Lvl02,,,,,,,,
MS1174,Lvl02,,,,,,,,
MS1175,Lvl02,,,,,,,,
MS1176,Lvl02,,,,,,,,
MS1177,Lvl02,,,,,,,,
MS1178,Lvl02,,,,,,,,
MS1179,Lvl02,,,,,,,,
MS1180,Lvl02,,,,,,,,
MS1181,Lvl02,,,,,,,,
MS1182,Lvl02,,,,,,,,
MS1183,Lvl02,,,,,,,,
MS1184,Lvl02,,,,,,,,
MS1185,Lvl02,,,,,,,,
MS1186,Lvl02,,,,,,,,
MS1187,Lvl02,,,,,,,,
MS1188,Lvl02,,,,,,,,
MS1189,Lvl02,,,,,,,,
MS1190,Lvl02,,,,,,,,
MS1191,Lvl02,,,,,,,,
MS1192,Lvl02,,,,,,,,
MS1193,Lvl02,,,,,,,,
MS1194,Lvl02,,,,,,,,
MS1195,Lvl02,,,,,,,,
MS1196,Lvl02,,,,,,,,
MS1197,Lvl02,,,,,,,,
MS1198,Lvl02,,,,,,,,
MS1199,Lvl02,,,,,,,,
MS1200,Lvl02,,,,,,,,
MS1201,Lvl02,,,,,,,,
MS1202,Lvl02,,,,,,,,
MS1203,Lvl02,,,,,,,,
MS1204,Lvl02,,,,,,,,
MS1205,Lvl02,,,,,,,,
MS1206,Lvl02,,,,,,,,
MS1207,Lvl02,,,,,,,,
MS1208,Lvl02,,,,,,,,
MS1209,Lvl02,,,,,,,,
MS1210,Lvl02,,,,,,,,
MS1211,Lvl02,,,,,,,,
MS1212,Lvl02,,,,,,,,
MS1213,Lvl02,,,,,,,,
MS1214,Lvl02,,,,,,,,
MS1215,Lvl02,,,,,,,,
MS1216,Lvl02,,,,,,,,
MS1217,Lvl02,,,,,,,,
MS1218,Lvl02,,,,,,,,
MS1219,Lvl02,,,,,,,,
MS1220,Lvl02,,,,,,,,
MS1221,Lvl02,,,,,,,,
MS1222,Lvl02,,,,,,,,
MS1223,Lvl02,,,,,,,,
MS1224,Lvl02,,,,,,,,
MS1225,Lvl02,,,,,,,,
MS1226,Lvl02,,,,,,,,
MS1227,Lvl02,,,,,,,,
MS1228,Lvl02,,,,,,,,
MS1229,Lvl02,,,,,,,,
MS1230,Lvl02,,,,,,,,
MS1231,Lvl02,,,,,,,,
MS1232,Lvl02,,,,,,,,
MS1233,Lvl02,,,,,,,,
MS1234,Lvl02,,,,,,,,
MS1235,Lvl02,,,,,,,,
MS1236,Lvl02,,,,,,,,
MS1237,Lvl02,,,,,,,,
MS1238,Lvl02,,,,,,,,
MS1239,Lvl02,,,,,,,,
MS1240,Lvl02,,,,,,,,
MS1241,Lvl02,,,,,,,,
MS1242,Lvl02,,,,,,,,
MS1243,Lvl02,,,,,,,,
MS1244,Lvl02,,,,,,,,
MS1245,Lvl02,,,,,,,,
MS1246,Lvl02,,,,,,,,
MS1247,Lvl02,,,,,,,,
MS1248,Lvl02,,,,,,,,
MS1249,Lvl02,,,,,,,,
MS1250,Lvl02,,,,,,,,
MS1251,Lvl02,,,,,,,,
MS1252,Lvl02,,,,,,,,
MS1253,Lvl02,,,,,,,,
MS1254,Lvl02,,,,,,,,
MS1255,Lvl02,,,,,,,,
MS1256,Lvl02,,,,,,,,
MS1257,Lvl02,,,,,,,,
MS1258,Lvl02,,,,,,,,
MS1259,Lvl02,,,,,,,,
MS1260,Lvl02,,,,,,,,
MS1261,Lvl02,,,,,,,,
MS1262,Lvl02,,,,,,,,
MS1263,Lvl02,,,,,,,,
MS1264,Lvl02,,,,,,,,
MS1265,Lvl02,,,,,,,,
MS1266,Lvl02,,,,,,,,
MS1267,Lvl02,,,,,,,,
MS1268,Lvl02,,,,,,,,
MS1269,Lvl02,,,,,,,,
MS1270,Lvl02,,,,,,,,
MS1271,Lvl02,,,,,,,,
MS1272,Lvl02,,,,,,,,
MS1273,Lvl02,,,,,,,,
MS1274,Lvl02,,,,,,,,
MS1275,Lvl02,,,,,,,,
MS1276,Lvl02,,,,,,,,
MS1277,Lvl02,,,,,,,,
MS1278,Lvl02,,,,,,,,
MS1279,Lvl02,,,,,,,,
MS1280,Lvl02,,,,,,,,
MS1281,Lvl02,,,,,,,,
MS1282,Lvl02,,,,,,,,
MS1283,Lvl02,,,,,,,,
MS1284,Lvl02,,,,,,,,
MS1285,Lvl02,,,,,,,,
MS1286,Lvl02,,,,,,,,
MS1287,Lvl02,,,,,,,,
MS1288,Lvl02,,,,,,,,
MS1289,Lvl02,,,,,,,,
MS1290,Lvl02,,,,,,,,
MS1291,Lvl02,,,,,,,,
MS1292,Lvl02,,,,,,,,
MS1293,Lvl02,,,,,,,,
MS1294,Lvl02,,,,,,,,
MS1295,Lvl02,,,,,,,,
MS1296,Lvl02,,,,,,,,
MS1297,Lvl02,,,,,,,,
MS1298,Lvl02,,,,,,,,
MS1299,Lvl02,,,,,,,,
MS1300,Lvl02,,,,,,,,
MS1301,Lvl02,,,,,,,,
MS1302,Lvl02,,,,,,,,
MS1303,Lvl02,,,,,,,,
MS1304,Lvl02,,,,,,,,
MS1305,Lvl02,,,,,,,,
MS1306,Lvl02,,,,,,,,
MS1307,Lvl02,,,,,,,,
MS1308,Lvl02,,,,,,,,
MS1309,Lvl02,,,,,,,,
MS1310,Lvl02,,,,,,,,
MS1311,Lvl02,,,,,,,,
MS1312,Lvl02,,,,,,,,
MS1313,Lvl02,,,,,,,,
MS1314,Lvl02,,,,,,,,
MS1315,Lvl02,,,,,,,,
MS1316,Lvl02,,,,,,,,
MS1317,Lvl02,,,,,,,,
MS1318,Lvl02,,,,,,,,
MS1319,Lvl02,,,,,,,,
MS1320,Lvl02,,,,,,,,
MS1321,Lvl02,,,,,,,,
MS1322,Lvl02,,,,,,,,
MS1323,Lvl02,,,,,,,,
MS1324,Lvl02,,,,,,,,
MS1325,Lvl02,,,,,,,,
MS1326,Lvl02,,,,,,,,
MS1327,Lvl02,,,,,,,,
MS1328,Lvl02,,,,,,,,
MS1329,Lvl02,,,,,,,,
MS1330,Lvl02,,,,,,,,
MS1331,Lvl02,,,,,,,,
MS1332,Lvl02,,,,,,,,
MS1333,Lvl02,,,,,,,,
MS1334,Lvl02,,,,,,,,
MS1335,Lvl02,,,,,,,,
MS1336,Lvl02,,,,,,,,
MS1337,Lvl02,,,,,,,,
MS1338,Lvl02,,,,,,,,
MS1339,Lvl02,,,,,,,,
MS1340,Lvl02,,,,,,,,
MS1341,Lvl02,,,,,,,,
MS1342,Lvl02,,,,,,,,
MS1343,Lvl02,,,,,,,,
MS1344,Lvl02,,,,,,,,
MS1345,Lvl02,,,,,,,,
MS1346,Lvl02,,,,,,,,
MS1347,Lvl02,,,,,,,,
MS1348,Lvl02,,,,,,,,
MS1349,Lvl02,,,,,,,,
MS1350,Lvl02,,,,,,,,
MS1351,Lvl02,,,,,,,,
MS1352,Lvl02,,,,,,,,
MS1353,Lvl02,,,,,,,,
MS1354,Lvl02,,,,,,,,
MS1355,Lvl02,,,,,,,,
MS1356,Lvl02,,,,,,,,
MS1357,Lvl02,,,,,,,,
MS1358,Lvl02,,,,,,,,
MS1359,Lvl02,,,,,,,,
MS1360,Lvl02,,,,,,,,
MS1361,Lvl02,,,,,,,,
MS1362,Lvl02,,,,,,,,
MS1363,Lvl02,,,,,,,,
MS1364,Lvl02,,,,,,,,
MS1365,Lvl02,,,,,,,,
MS1366,Lvl02,,,,,,,,
MS1367,Lvl02,,,,,,,,
MS1368,Lvl02,,,,,,,,
MS1369,Lvl02,,,,,,,,
MS1370,Lvl02,,,,,,,,
MS1371,Lvl02,,,,,,,,
MS1372,Lvl02,,,,,,,,
MS1373,Lvl02,,,,,,,,
MS1374,Lvl02,,,,,,,,
MS1375,Lvl02,,,,,,,,
MS1376,Lvl02,,,,,,,,
MS1377,Lvl02,,,,,,,,
MS1378,Lvl02,,,,,,,,
MS1379,Lvl02,,,,,,,,
MS1380,Lvl02,,,,,,,,
MS1381,Lvl02,,,,,,,,
MS1382,Lvl02,,,,,,,,
MS1383,Lvl02,,,,,,,,
MS1384,Lvl02,,,,,,,,
MS1385,Lvl02,,,,,,,,
MS1386,Lvl02,,,,,,,,
MS1387,Lvl02,,,,,,,,
MS1388,Lvl02,,,,,,,,
MS1389,Lvl02,,,,,,,,
MS1390,Lvl02,,,,,,,,
MS1391,Lvl02,,,,,,,,
MS1392,Lvl02,,,,,,,,
MS1393,Lvl02,,,,,,,,
MS1394,Lvl02,,,,,,,,
MS1395,Lvl02,,,,,,,,
MS1396,Lvl02,,,,,,,,
MS1397,Lvl02,,,,,,,,
MS1398,Lvl02,,,,,,,,
MS1399,Lvl02,,,,,,,,
MS1400,Lvl02,,,,,,,,
MS1401,Lvl02,,,,,,,,
MS1402,Lvl02,,,,,,,,
MS1403,Lvl02,,,,,,,,
MS1404,Lvl02,,,,,,,,
MS1405,Lvl02,,,,,,,,
MS1406,Lvl02,,,,,,,,
MS1407,Lvl02,,,,,,,,
MS1408,Lvl02,,,,,,,,
MS1409,Lvl02,,,,,,,,
MS1410,Lvl02,,,,,,,,
MS1411,Lvl02,,,,,,,,
MS1412,Lvl02,,,,,,,,
MS1413,Lvl02,,,,,,,,
MS1414,Lvl02,,,,,,,,
MS1415,Lvl02,,,,,,,,
MS1416,Lvl02,,,,,,,,
MS1417,Lvl02,,,,,,,,
MS1418,Lvl02,,,,,,,,
MS1419,Lvl02,,,,,,,,
MS1420,Lvl02,,,,,,,,
MS1421,Lvl02,,,,,,,,
MS1422,Lvl02,,,,,,,,
MS1423,Lvl02,,,,,,,,
MS1424,Lvl02,,,,,,,,
MS1425,Lvl02,,,,,,,,
MS1426,Lvl02,,,,,,,,
MS1427,Lvl02,,,,,,,,
MS1428,Lvl02,,,,,,,,
MS1429,Lvl02,,,,,,,,
MS1430,Lvl02,,,,,,,,
MS1431,Lvl02,,,,,,,,
MS1432,Lvl02,,,,,,,,
MS1433,Lvl02,,,,,,,,
MS1434,Lvl02,,,,,,,,
MS1435,Lvl02,,,,,,,,
MS1436,Lvl02,,,,,,,,
MS1437,Lvl02,,,,,,,,
MS1438,Lvl02,,,,,,,,
MS1439,Lvl02,,,,,,,,
MS1440,Lvl02,,,,,,,,
MS1441,Lvl02,,,,,,,,
MS1442,Lvl02,,,,,,,,
MS1443,Lvl02,,,,,,,,
MS1444,Lvl02,,,,,,,,
MS1445,Lvl02,,,,,,,,
MS1446,Lvl02,,,,,,,,
MS1447,Lvl02,,,,,,,,
MS1448,Lvl02,,,,,,,,
MS1449,Lvl02,,,,,,,,
MS1450,Lvl02,,,,,,,,
MS1451,Lvl02,,,,,,,,
MS1452,Lvl02,,,,,,,,
MS1453,Lvl02,,,,,,,,
MS1454,Lvl02,,,,,,,,
MS1455,Lvl02,,,,,,,,
MS1456,Lvl02,,,,,,,,
MS1457,Lvl02,,,,,,,,
MS1458,Lvl02,,,,,,,,
MS1459,Lvl02,,,,,,,,
MS1460,Lvl02,,,,,,,,
MS1461,Lvl02,,,,,,,,
MS1462,Lvl02,,,,,,,,
MS1463,Lvl02,,,,,,,,
MS1464,Lvl02,,,,,,,,
MS1465,Lvl02,,,,,,,,
MS1466,Lvl02,,,,,,,,
MS1467,Lvl02,,,,,,,,
MS1468,Lvl02,,,,,,,,
MS1469,Lvl02,,,,,,,,
MS1470,Lvl02,,,,,,,,
MS1471,Lvl02,,,,,,,,
MS1472,Lvl02,,,,,,,,
MS1473,Lvl02,,,,,,,,
MS1474,Lvl02,,,,,,,,
MS1475,Lvl02,,,,,,,,
MS1476,Lvl02,,,,,,,,
MS1477,Lvl02,,,,,,,,
MS1478,Lvl02,,,,,,,,
MS1479,Lvl02,,,,,,,,
MS1480,Lvl02,,,,,,,,
MS1481,Lvl02,,,,,,,,
MS1482,Lvl02,,,,,,,,
MS1483,Lvl02,,,,,,,,
MS1484,Lvl02,,,,,,,,
MS1485,Lvl02,,,,,,,,
MS1486,Lvl02,,,,,,,,
MS1487,Lvl02,,,,,,,,
MS1488,Lvl02,,,,,,,,
MS1489,Lvl02,,,,,,,,
MS1490,Lvl02,,,,,,,,
MS1491,Lvl02,,,,,,,,
MS1492,Lvl02,,,,,,,,
MS1493,Lvl02,,,,,,,,
MS1494,Lvl02,,,,,,,,
MS1495,Lvl02,,,,,,,,
MS1496,Lvl02,,,,,,,,
MS1497,Lvl02,,,,,,,,
MS1498,Lvl02,,,,,,,,
MS1499,Lvl02,,,,,,,,
MS1500,Lvl02,,,,,,,,
MS1501,Lvl02,,,,,,,,
MS1502,Lvl02,,,,,,,,
MS1503,Lvl02,,,,,,,,
MS1504,Lvl02,,,,,,,,
MS1505,Lvl02,,,,,,,,
MS1506,Lvl02,,,,,,,,
MS1507,Lvl02,,,,,,,,
MS1508,Lvl02,,,,,,,,
MS1509,Lvl02,,,,,,,,
MS1510,Lvl02,,,,,,,,
MS1511,Lvl02,,,,,,,,
MS1512,Lvl02,,,,,,,,
MS1513,Lvl02,,,,,,,,
MS1514,Lvl02,,,,,,,,
MS1515,Lvl02,,,,,,,,
MS1516,Lvl02,,,,,,,,
MS1517,Lvl02,,,,,,,,
MS1518,Lvl02,,,,,,,,
MS1519,Lvl02,,,,,,,,
MS1520,Lvl02,,,,,,,,
MS1521,Lvl02,,,,,,,,
MS1522,Lvl02,,,,,,,,
MS1523,Lvl02,,,,,,,,
MS1524,Lvl02,,,,,,,,
MS1525,Lvl02,,,,,,,,
MS1526,Lvl02,,,,,,,,
MS1527,Lvl02,,,,,,,,
MS1528,Lvl02,,,,,,,,
MS1529,Lvl02,,,,,,,,
MS1530,Lvl02,,,,,,,,
MS1531,Lvl02,,,,,,,,
MS1532,Lvl02,,,,,,,,
MS1533,Lvl02,,,,,,,,
MS1534,Lvl02,,,,,,,,
MS1535,Lvl02,,,,,,,,
MS1536,Lvl02,,,,,,,,
MS1537,Lvl02,,,,,,,,
MS1538,Lvl02,,,,,,,,
MS1539,Lvl02,,,,,,,,
MS1540,Lvl02,,,,,,,,
MS1541,Lvl02,,,,,,,,
MS1542,Lvl02,,,,,,,,
MS1543,Lvl02,,,,,,,,
MS1544,Lvl02,,,,,,,,
MS1545,Lvl02,,,,,,,,
MS1546,Lvl02,,,,,,,,
MS1547,Lvl02,,,,,,,,
MS1548,Lvl02,,,,,,,,
MS1549,Lvl02,,,,,,,,
MS1550,Lvl02,,,,,,,,
MS1551,Lvl02,,,,,,,,
MS1552,Lvl02,,,,,,,,
MS1553,Lvl02,,,,,,,,
MS1554,Lvl02,,,,,,,,
MS1555,Lvl02,,,,,,,,
MS1556,Lvl02,,,,,,,,
MS1557,Lvl02,,,,,,,,
MS1558,Lvl02,,,,,,,,
MS1559,Lvl02,,,,,,,,
MS1560,Lvl02,,,,,,,,
MS1561,Lvl02,,,,,,,,
MS1562,Lvl02,,,,,,,,
MS1563,Lvl02,,,,,,,,
MS1564,Lvl02,,,,,,,,
MS1565,Lvl02,,,,,,,,
MS1566,Lvl02,,,,,,,,
MS1567,Lvl02,,,,,,,,
MS1568,Lvl02,,,,,,,,
MS1569,Lvl02,,,,,,,,
MS1570,Lvl02,,,,,,,,
MS1571,Lvl02,,,,,,,,
MS1572,Lvl02,,,,,,,,
MS1573,Lvl02,,,,,,,,
MS1574,Lvl03,,,,,,,,
MS1575,Lvl03,,,,,,,,
MS1576,Lvl03,,,,,,,,
MS1577,Lvl03,,,,,,,,
MS1578,Lvl03,,,,,,,,
MS1579,Lvl03,,,,,,,,
MS1580,Lvl03,,,,,,,,
MS1581,Lvl03,,,,,,,,
MS1582,Lvl03,,,,,,,,
MS1583,Lvl03,,,,,,,,
MS1584,Lvl03,,,,,,,,
MS1585,Lvl03,,,,,,,,
MS1586,Lvl03,,,,,,,,
MS1587,Lvl03,,,,,,,,
MS1588,Lvl03,,,,,,,,
MS1589,Lvl03,,,,,,,,
MS1590,Lvl03,,,,,,,,
MS1591,Lvl03,,,,,,,,
MS1592,Lvl03,,,,,,,,
MS1593,Lvl03,,,,,,,,
MS1594,Lvl03,,,,,,,,
MS1595,Lvl03,,,,,,,,
MS1596,Lvl03,,,,,,,,
MS1597,Lvl03,,,,,,,,
MS1598,Lvl03,,,,,,,,
MS1599,Lvl03,,,,,,,,
MS1600,Lvl03,,,,,,,,
MS1601,Lvl03,,,,,,,,
MS1602,Lvl03,,,,,,,,
MS1603,Lvl03,,,,,,,,
MS1604,Lvl03,,,,,,,,
MS1605,Lvl03,,,,,,,,
MS1606,Lvl03,,,,,,,,
MS1607,Lvl03,,,,,,,,
MS1608,Lvl03,,,,,,,,
MS1609,Lvl03,,,,,,,,
MS1610,Lvl03,,,,,,,,
MS1611,Lvl03,,,,,,,,
MS1612,Lvl03,,,,,,,,
MS1613,Lvl03,,,,,,,,
MS1614,Lvl03,,,,,,,,
MS1615,Lvl03,,,,,,,,
MS1616,Lvl03,,,,,,,,
MS1617,Lvl03,,,,,,,,
MS1618,Lvl03,,,,,,,,
MS1619,Lvl03,,,,,,,,
MS1620,Lvl03,,,,,,,,
MS1621,Lvl03,,,,,,,,
MS1622,Lvl03,,,,,,,,
MS1623,Lvl03,,,,,,,,
MS1624,Lvl03,,,,,,,,
MS1625,Lvl03,,,,,,,,
MS1626,Lvl03,,,,,,,,
MS1627,Lvl03,,,,,,,,
MS1628,Lvl03,,,,,,,,
MS1629,Lvl03,,,,,,,,
MS1630,Lvl03,,,,,,,,
MS1631,Lvl03,,,,,,,,
MS1632,Lvl03,,,,,,,,
MS1633,Lvl03,,,,,,,,
MS1634,Lvl03,,,,,,,,
MS1635,Lvl03,,,,,,,,
MS1636,Lvl03,,,,,,,,
MS1637,Lvl03,,,,,,,,
MS1638,Lvl03,,,,,,,,
MS1639,Lvl03,,,,,,,,
MS1640,Lvl03,,,,,,,,
MS1641,Lvl03,,,,,,,,
MS1642,Lvl03,,,,,,,,
MS1643,Lvl03,,,,,,,,
MS1644,Lvl03,,,,,,,,
MS1645,Lvl03,,,,,,,,
MS1646,Lvl03,,,,,,,,
MS1647,Lvl03,,,,,,,,
MS1648,Lvl03,,,,,,,,
MS1649,Lvl03,,,,,,,,
MS1650,Lvl03,,,,,,,,
MS1651,Lvl03,,,,,,,,
MS1652,Lvl03,,,,,,,,
MS1653,Lvl03,,,,,,,,
MS1654,Lvl03,,,,,,,,
MS1655,Lvl03,,,,,,,,
MS1656,Lvl03,,,,,,,,
MS1657,Lvl03,,,,,,,,
MS1658,Lvl03,,,,,,,,
MS1659,Lvl03,,,,,,,,
MS1660,Lvl03,,,,,,,,
MS1661,Lvl03,,,,,,,,
MS1662,Lvl03,,,,,,,,
MS1663,Lvl03,,,,,,,,
MS1664,Lvl03,,,,,,,,
MS1665,Lvl03,,,,,,,,
MS1666,Lvl03,,,,,,,,
MS1667,Lvl03,,,,,,,,
MS1668,Lvl03,,,,,,,,
MS1669,Lvl03,,,,,,,,
MS1670,Lvl03,,,,,,,,
MS1671,Lvl03,,,,,,,,
MS1672,Lvl03,,,,,,,,
MS1673,Lvl03,,,,,,,,
MS1674,Lvl03,,,,,,,,
MS1675,Lvl03,,,,,,,,
MS1676,Lvl03,,,,,,,,
MS1677,Lvl03,,,,,,,,
MS1678,Lvl03,,,,,,,,
MS1679,Lvl03,,,,,,,,
MS1680,Lvl03,,,,,,,,
MS1681,Lvl03,,,,,,,,
MS1682,Lvl03,,,,,,,,
MS1683,Lvl03,,,,,,,,
MS1684,Lvl03,,,,,,,,
MS1685,Lvl03,,,,,,,,
MS1686,Lvl03,,,,,,,,
MS1687,Lvl03,,,,,,,,
MS1688,Lvl03,,,,,,,,
MS1689,Lvl03,,,,,,,,
MS1690,Lvl03,,,,,,,,
MS1691,Lvl03,,,,,,,,
MS1692,Lvl03,,,,,,,,
MS1693,Lvl03,,,,,,,,
MS1694,Lvl03,,,,,,,,
MS1695,Lvl03,,,,,,,,
MS1696,Lvl03,,,,,,,,
MS1697,Lvl03,,,,,,,,
MS1698,Lvl03,,,,,,,,
MS1699,Lvl03,,,,,,,,
MS1700,Lvl03,,,,,,,,
MS1701,Lvl03,,,,,,,,
MS1702,Lvl03,,,,,,,,
MS1703,Lvl03,,,,,,,,
MS1704,Lvl03,,,,,,,,
MS1705,Lvl03,,,,,,,,
MS1706,Lvl03,,,,,,,,
MS1707,Lvl03,,,,,,,,
MS1708,Lvl03,,,,,,,,
MS1709,Lvl03,,,,,,,,
MS1710,Lvl03,,,,,,,,
MS1711,Lvl03,,,,,,,,
MS1712,Lvl03,,,,,,,,
MS1713,Lvl03,,,,,,,,
MS1714,Lvl03,,,,,,,,
MS1715,Lvl03,,,,,,,,
MS1716,Lvl03,,,,,,,,
MS1717,Lvl03,,,,,,,,
MS1718,Lvl03,,,,,,,,
MS1719,Lvl03,,,,,,,,
MS1720,Lvl03,,,,,,,,
MS1721,Lvl03,,,,,,,,
MS1722,Lvl03,,,,,,,,
MS1723,Lvl03,,,,,,,,
MS1724,Lvl03,,,,,,,,
MS1725,Lvl03,,,,,,,,
MS1726,Lvl03,,,,,,,,
MS1727,Lvl03,,,,,,,,
MS1728,Lvl03,,,,,,,,
MS1729,Lvl03,,,,,,,,
MS1730,Lvl03,,,,,,,,
MS1731,Lvl03,,,,,,,,
MS1732,Lvl03,,,,,,,,
MS1733,Lvl03,,,,,,,,
MS1734,Lvl03,,,,,,,,
MS1735,Lvl03,,,,,,,,
MS1736,Lvl03,,,,,,,,
MS1737,Lvl03,,,,,,,,
MS1738,Lvl03,,,,,,,,
MS1739,Lvl03,,,,,,,,
MS1740,Lvl03,,,,,,,,
MS1741,Lvl03,,,,,,,,
MS1742,Lvl03,,,,,,,,
MS1743,Lvl03,,,,,,,,
MS1744,Lvl03,,,,,,,,
MS1745,Lvl03,,,,,,,,
MS1746,Lvl03,,,,,,,,
MS1747,Lvl03,,,,,,,,
MS1748,Lvl03,,,,,,,,
MS1749,Lvl03,,,,,,,,
MS1750,Lvl03,,,,,,,,
MS1751,Lvl03,,,,,,,,
MS1752,Lvl03,,,,,,,,
MS1753,Lvl03,,,,,,,,
MS1754,Lvl03,,,,,,,,
MS1755,Lvl03,,,,,,,,
MS1756,Lvl03,,,,,,,,
MS1757,Lvl03,,,,,,,,
MS1758,Lvl03,,,,,,,,
MS1759,Lvl03,,,,,,,,
MS1760,Lvl03,,,,,,,,
MS1761,Lvl03,,,,,,,,
MS1762,Lvl03,,,,,,,,
MS1763,Lvl03,,,,,,,,
MS1764,Lvl03,,,,,,,,
MS1765,Lvl03,,,,,,,,
MS1766,Lvl03,,,,,,,,
MS1767,Lvl03,,,,,,,,
MS1768,Lvl03,,,,,,,,
MS1769,Lvl03,,,,,,,,
MS1770,Lvl03,,,,,,,,
MS1771,Lvl03,,,,,,,,
MS1772,Lvl03,,,,,,,,
MS1773,Lvl03,,,,,,,,
MS1774,Lvl03,,,,,,,,
MS1775,Lvl03,,,,,,,,
MS1776,Lvl03,,,,,,,,
MS1777,Lvl03,,,,,,,,
MS1778,Lvl03,,,,,,,,
MS1779,Lvl03,,,,,,,,
MS1780,Lvl03,,,,,,,,
MS1781,Lvl03,,,,,,,,
MS1782,Lvl03,,,,,,,,
MS1783,Lvl03,,,,,,,,
MS1784,Lvl03,,,,,,,,
MS1785,Lvl03,,,,,,,,
MS1786,Lvl03,,,,,,,,
MS1787,Lvl03,,,,,,,,
MS1788,Lvl03,,,,,,,,
MS1789,Lvl03,,,,,,,,
MS1790,Lvl03,,,,,,,,
MS1791,Lvl03,,,,,,,,
MS1792,Lvl03,,,,,,,,
MS1793,Lvl03,,,,,,,,
MS1794,Lvl03,,,,,,,,
MS1795,Lvl03,,,,,,,,
MS1796,Lvl03,,,,,,,,
MS1797,Lvl03,,,,,,,,
MS1798,Lvl03,,,,,,,,
MS1799,Lvl03,,,,,,,,
MS1800,Lvl03,,,,,,,,
MS1801,Lvl03,,,,,,,,
MS1802,Lvl03,,,,,,,,
MS1803,Lvl03,,,,,,,,
MS1804,Lvl03,,,,,,,,
MS1805,Lvl03,,,,,,,,
MS1806,Lvl03,,,,,,,,
MS1807,Lvl03,,,,,,,,
MS1808,Lvl03,,,,,,,,
MS1809,Lvl03,,,,,,,,
MS1810,Lvl03,,,,,,,,
MS1811,Lvl03,,,,,,,,
MS1812,Lvl03,,,,,,,,
MS1813,Lvl03,,,,,,,,
MS1814,Lvl03,,,,,,,,
MS1815,Lvl03,,,,,,,,
MS1816,Lvl03,,,,,,,,
MS1817,Lvl03,,,,,,,,
MS1818,Lvl03,,,,,,,,
MS1819,Lvl03,,,,,,,,
MS1820,Lvl03,,,,,,,,
MS1821,Lvl03,,,,,,,,
MS1822,Lvl03,,,,,,,,
MS1823,Lvl03,,,,,,,,
MS1824,Lvl03,,,,,,,,
MS1825,Lvl03,,,,,,,,
MS1826,Lvl03,,,,,,,,
MS1827,Lvl03,,,,,,,,
MS1828,Lvl03,,,,,,,,
MS1829,Lvl03,,,,,,,,
MS1830,Lvl03,,,,,,,,
MS1831,Lvl03,,,,,,,,
MS1832,Lvl03,,,,,,,,
MS1833,Lvl03,,,,,,,,
MS1834,Lvl03,,,,,,,,
MS1835,Lvl03,,,,,,,,
MS1836,Lvl03,,,,,,,,
MS1837,Lvl03,,,,,,,,
MS1838,Lvl03,,,,,,,,
MS1839,Lvl03,,,,,,,,
MS1840,Lvl03,,,,,,,,
MS1841,Lvl03,,,,,,,,
MS1842,Lvl03,,,,,,,,
MS1843,Lvl03,,,,,,,,
MS1844,Lvl03,,,,,,,,
MS1845,Lvl03,,,,,,,,
MS1846,Lvl03,,,,,,,,
MS1847,Lvl03,,,,,,,,
MS1848,Lvl03,,,,,,,,
MS1849,Lvl03,,,,,,,,
MS1850,Lvl03,,,,,,,,
MS1851,Lvl03,,,,,,,,
MS1852,Lvl03,,,,,,,,
MS1853,Lvl03,,,,,,,,
MS1854,Lvl03,,,,,,,,
MS1855,Lvl03,,,,,,,,
MS1856,Lvl03,,,,,,,,
MS1857,Lvl03,,,,,,,,
MS1858,Lvl03,,,,,,,,
MS1859,Lvl03,,,,,,,,
MS1860,Lvl03,,,,,,,,
MS1861,Lvl03,,,,,,,,
MS1862,Lvl03,,,,,,,,
MS1863,Lvl03,,,,,,,,
MS1864,Lvl03,,,,,,,,
MS1865,Lvl03,,,,,,,,
MS1866,Lvl03,,,,,,,,
MS1867,Lvl03,,,,,,,,
MS1868,Lvl03,,,,,,,,
MS1869,Lvl03,,,,,,,,
MS1870,Lvl03,,,,,,,,
MS1871,Lvl03,,,,,,,,
MS1872,Lvl03,,,,,,,,
MS1873,Lvl03,,,,,,,,
MS1874,Lvl03,,,,,,,,
MS1875,Lvl03,,,,,,,,
MS1876,Lvl03,,,,,,,,
MS1877,Lvl03,,,,,,,,
MS1878,Lvl03,,,,,,,,
MS1879,Lvl03,,,,,,,,
MS1880,Lvl03,,,,,,,,
MS1881,Lvl03,,,,,,,,
MS1882,Lvl03,,,,,,,,
MS1883,Lvl03,,,,,,,,
MS1884,Lvl03,,,,,,,,
MS1885,Lvl03,,,,,,,,
MS1886,Lvl03,,,,,,,,
MS1887,Lvl03,,,,,,,,
MS1888,Lvl03,,,,,,,,
MS1889,Lvl03,,,,,,,,
MS1890,Lvl03,,,,,,,,
MS1891,Lvl03,,,,,,,,
MS1892,Lvl03,,,,,,,,
MS1893,Lvl03,,,,,,,,
MS1894,Lvl03,,,,,,,,
MS1895,Lvl03,,,,,,,,
MS1896,Lvl03,,,,,,,,
MS1897,Lvl03,,,,,,,,
MS1898,Lvl03,,,,,,,,
MS1899,Lvl03,,,,,,,,
MS1900,Lvl03,,,,,,,,
MS1901,Lvl03,,,,,,,,
MS1902,Lvl03,,,,,,,,
MS1903,Lvl03,,,,,,,,
MS1904,Lvl03,,,,,,,,
MS1905,Lvl03,,,,,,,,
MS1906,Lvl03,,,,,,,,
MS1907,Lvl03,,,,,,,,
MS1908,Lvl03,,,,,,,,
MS1909,Lvl03,,,,,,,,
MS1910,Lvl03,,,,,,,,
MS1911,Lvl03,,,,,,,,
MS1912,Lvl03,,,,,,,,
MS1913,Lvl03,,,,,,,,
MS1914,Lvl03,,,,,,,,
MS1915,Lvl03,,,,,,,,
MS1916,Lvl03,,,,,,,,
MS1917,Lvl03,,,,,,,,
MS1918,Lvl03,,,,,,,,
MS1919,Lvl03,,,,,,,,
MS1920,Lvl03,,,,,,,,
MS1921,Lvl03,,,,,,,,
MS1922,Lvl03,,,,,,,,
MS1923,Lvl03,,,,,,,,
MS1924,Lvl03,,,,,,,,
MS1925,Lvl03,,,,,,,,
MS1926,Lvl03,,,,,,,,
MS1927,Lvl03,,,,,,,,
MS1928,Lvl03,,,,,,,,
MS1929,Lvl03,,,,,,,,
MS1930,Lvl03,,,,,,,,
MS1931,Lvl03,,,,,,,,
MS1932,Lvl03,,,,,,,,
MS1933,Lvl03,,,,,,,,
MS1934,Lvl03,,,,,,,,
MS1935,Lvl03,,,,,,,,
MS1936,Lvl03,,,,,,,,
MS1937,Lvl03,,,,,,,,
MS1938,Lvl03,,,,,,,,
MS1939,Lvl03,,,,,,,,
MS1940,Lvl03,,,,,,,,
MS1941,Lvl03,,,,,,,,
MS1942,Lvl03,,,,,,,,
MS1943,Lvl03,,,,,,,,
MS1944,Lvl03,,,,,,,,
MS1945,Lvl03,,,,,,,,
MS1946,Lvl03,,,,,,,,
MS1947,Lvl03,,,,,,,,
MS1948,Lvl03,,,,,,,,
MS1949,Lvl03,,,,,,,,
MS1950,Lvl03,,,,,,,,
MS1951,Lvl03,,,,,,,,
MS1952,Lvl03,,,,,,,,
MS1953,Lvl03,,,,,,,,
MS1954,Lvl03,,,,,,,,
MS1955,Lvl03,,,,,,,,
MS1956,Lvl03,,,,,,,,
MS1957,Lvl03,,,,,,,,
MS1958,Lvl03,,,,,,,,
MS1959,Lvl03,,,,,,,,
MS1960,Lvl03,,,,,,,,
MS1961,Lvl03,,,,,,,,
MS1962,Lvl03,,,,,,,,
MS1963,Lvl03,,,,,,,,
MS1964,Lvl03,,,,,,,,
MS1965,Lvl03,,,,,,,,
MS1966,Lvl03,,,,,,,,
MS1967,Lvl03,,,,,,,,
MS1968,Lvl03,,,,,,,,
MS1969,Lvl03,,,,,,,,
MS1970,Lvl03,,,,,,,,
MS1971,Lvl03,,,,,,,,
MS1972,Lvl03,,,,,,,,
MS1973,Lvl03,,,,,,,,
MS1974,Lvl03,,,,,,,,
MS1975,Lvl03,,,,,,,,
MS1976,Lvl03,,,,,,,,
MS1977,Lvl03,,,,,,,,
MS1978,Lvl03,,,,,,,,
MS1979,Lvl03,,,,,,,,
MS1980,Lvl03,,,,,,,,
MS1981,Lvl03,,,,,,,,
MS1982,Lvl03,,,,,,,,
MS1983,Lvl03,,,,,,,,
MS1984,Lvl03,,,,,,,,
MS1985,Lvl03,,,,,,,,
MS1986,Lvl03,,,,,,,,
MS1987,Lvl03,,,,,,,,
MS1988,Lvl03,,,,,,,,
MS1989,Lvl03,,,,,,,,
MS1990,Lvl03,,,,,,,,
MS1991,Lvl03,,,,,,,,
MS1992,Lvl03,,,,,,,,
MS1993,Lvl03,,,,,,,,
MS1994,Lvl03,,,,,,,,
MS1995,Lvl03,,,,,,,,
MS1996,Lvl03,,,,,,,,
MS1997,Lvl03,,,,,,,,
MS1998,Lvl03,,,,,,,,
MS1999,Lvl03,,,,,,,,
MS2000,Lvl03,,,,,,,,
MS2001,Lvl03,,,,,,,,
MS2002,Lvl03,,,,,,,,
MS2003,Lvl03,,,,,,,,
MS2004,Lvl03,,,,,,,,
MS2005,Lvl03,,,,,,,,
MS2006,Lvl03,,,,,,,,
MS2007,Lvl03,,,,,,,,
MS2008,Lvl03,,,,,,,,
MS2009,Lvl03,,,,,,,,
MS2010,Lvl03,,,,,,,,
MS2011,Lvl03,,,,,,,,
MS2012,Lvl03,,,,,,,,
MS2013,Lvl03,,,,,,,,
MS2014,Lvl03,,,,,,,,
MS2015,Lvl03,,,,,,,,
MS2016,Lvl03,,,,,,,,
MS2017,Lvl03,,,,,,,,
MS2018,Lvl03,,,,,,,,
MS2019,Lvl03,,,,,,,,
MS2020,Lvl03,,,,,,,,
MS2021,Lvl03,,,,,,,,
MS2022,Lvl03,,,,,,,,
MS2023,Lvl03,,,,,,,,
MS2024,Lvl03,,,,,,,,
MS2025,Lvl03,,,,,,,,
MS2026,Lvl03,,,,,,,,
MS2027,Lvl03,,,,,,,,
MS2028,Lvl03,,,,,,,,
MS2029,Lvl03,,,,,,,,
MS2030,Lvl03,,,,,,,,
MS2031,Lvl03,,,,,,,,
MS2032,Lvl03,,,,,,,,
MS2033,Lvl03,,,,,,,,
MS2034,Lvl03,,,,,,,,
MS2035,Lvl03,,,,,,,,
MS2036,Lvl03,,,,,,,,
MS2037,Lvl03,,,,,,,,
MS2038,Lvl03,,,,,,,,
MS2039,Lvl03,,,,,,,,
MS2040,Lvl03,,,,,,,,
MS2041,Lvl03,,,,,,,,
MS2042,Lvl03,,,,,,,,
MS2043,Lvl03,,,,,,,,
MS2044,Lvl03,,,,,,,,
MS2045,Lvl03,,,,,,,,
MS2046,Lvl03,,,,,,,,
MS2047,Lvl03,,,,,,,,
MS2048,Lvl03,,,,,,,,
MS2049,Lvl03,,,,,,,,
MS2050,Lvl03,,,,,,,,
MS2051,Lvl03,,,,,,,,
MS2052,Lvl03,,,,,,,,
MS2053,Lvl03,,,,,,,,
MS2054,Lvl03,,,,,,,,
MS2055,Lvl03,,,,,,,,
MS2056,Lvl03,,,,,,,,
MS2057,Lvl03,,,,,,,,
MS2058,Lvl03,,,,,,,,
MS2059,Lvl03,,,,,,,,
MS2060,Lvl03,,,,,,,,
MS2061,Lvl03,,,,,,,,
MS2062,Lvl03,,,,,,,,
MS2063,Lvl03,,,,,,,,
MS2064,Lvl03,,,,,,,,
MS2065,Lvl03,,,,,,,,
MS2066,Lvl03,,,,,,,,
MS2067,Lvl03,,,,,,,,
MS2068,Lvl03,,,,,,,,
MS2069,Lvl03,,,,,,,,
MS2070,Lvl03,,,,,,,,
MS2071,Lvl03,,,,,,,,
MS2072,Lvl03,,,,,,,,
MS2073,Lvl03,,,,,,,,
MS2074,Lvl03,,,,,,,,
MS2075,Lvl03,,,,,,,,
MS2076,Lvl03,,,,,,,,
MS2077,Lvl03,,,,,,,,
MS2078,Lvl03,,,,,,,,
MS2079,Lvl03,,,,,,,,
MS2080,Lvl03,,,,,,,,
MS2081,Lvl03,,,,,,,,
MS2082,Lvl03,,,,,,,,
MS2083,Lvl03,,,,,,,,
MS2084,Lvl03,,,,,,,,
MS2085,Lvl03,,,,,,,,
MS2086,Lvl03,,,,,,,,
MS2087,Lvl03,,,,,,,,
MS2088,Lvl03,,,,,,,,
MS2089,Lvl03,,,,,,,,
MS2090,Lvl03,,,,,,,,
MS2091,Lvl03,,,,,,,,
MS2092,Lvl03,,,,,,,,
MS2093,Lvl03,,,,,,,,
MS2094,Lvl03,,,,,,,,
MS2095,Lvl03,,,,,,,,
MS2096,Lvl03,,,,,,,,
MS2097,Lvl03,,,,,,,,
MS2098,Lvl03,,,,,,,,
MS2099,Lvl03,,,,,,,,
MS2100,Lvl03,,,,,,,,
MS2101,Lvl03,,,,,,,,
MS2102,Lvl03,,,,,,,,
MS2103,Lvl03,,,,,,,,
MS2104,Lvl03,,,,,,,,
MS2105,Lvl03,,,,,,,,
MS2106,Lvl03,,,,,,,,
MS2107,Lvl03,,,,,,,,
MS2108,Lvl03,,,,,,,,
MS2109,Lvl03,,,,,,,,
MS2110,Lvl03,,,,,,,,
MS2111,Lvl03,,,,,,,,
MS2112,Lvl03,,,,,,,,
MS2113,Lvl03,,,,,,,,
MS2114,Lvl03,,,,,,,,
MS2115,Lvl03,,,,,,,,
MS2116,Lvl03,,,,,,,,
MS2117,Lvl03,,,,,,,,
MS2118,Lvl03,,,,,,,,
MS2119,Lvl03,,,,,,,,
MS2120,Lvl03,,,,,,,,
MS2121,Lvl03,,,,,,,,
MS2122,Lvl03,,,,,,,,
MS2123,Lvl03,,,,,,,,
MS2124,Lvl03,,,,,,,,
MS2125,Lvl03,,,,,,,,
MS2126,Lvl03,,,,,,,,
MS2127,Lvl03,,,,,,,,
MS2128,Lvl03,,,,,,,,
MS2129,Lvl03,,,,,,,,
MS2130,Lvl03,,,,,,,,
MS2131,Lvl03,,,,,,,,
MS2132,Lvl03,,,,,,,,
MS2133,Lvl03,,,,,,,,
MS2134,Lvl03,,,,,,,,
MS2135,Lvl03,,,,,,,,
MS2136,Lvl03,,,,,,,,
MS2137,Lvl03,,,,,,,,
MS2138,Lvl03,,,,,,,,
MS2139,Lvl03,,,,,,,,
MS2140,Lvl03,,,,,,,,
MS2141,Lvl03,,,,,,,,
MS2142,Lvl03,,,,,,,,
MS2143,Lvl03,,,,,,,,
MS2144,Lvl03,,,,,,,,
MS2145,Lvl03,,,,,,,,
MS2146,Lvl03,,,,,,,,
MS2147,Lvl03,,,,,,,,
MS2148,Lvl03,,,,,,,,
MS2149,Lvl03,,,,,,,,
MS2150,Lvl03,,,,,,,,
MS2151,Lvl03,,,,,,,,
MS2152,Lvl03,,,,,,,,
MS2153,Lvl03,,,,,,,,
MS2154,Lvl03,,,,,,,,
MS2155,Lvl03,,,,,,,,
MS2156,Lvl03,,,,,,,,
MS2157,Lvl03,,,,,,,,
MS2158,Lvl03,,,,,,,,
MS2159,Lvl03,,,,,,,,
MS2160,Lvl03,,,,,,,,
MS2161,Lvl03,,,,,,,,
MS2162,Lvl03,,,,,,,,
MS2163,Lvl03,,,,,,,,
MS2164,Lvl03,,,,,,,,
MS2165,Lvl03,,,,,,,,
MS2166,Lvl03,,,,,,,,
MS2167,Lvl03,,,,,,,,
MS2168,Lvl03,,,,,,,,
MS2169,Lvl03,,,,,,,,
MS2170,Lvl03,,,,,,,,
MS2171,Lvl03,,,,,,,,
MS2172,Lvl03,,,,,,,,
MS2173,Lvl03,,,,,,,,
MS2174,Lvl03,,,,,,,,
MS2175,Lvl03,,,,,,,,
MS2176,Lvl03,,,,,,,,
MS2177,Lvl03,,,,,,,,
MS2178,Lvl03,,,,,,,,
MS2179,Lvl03,,,,,,,,
MS2180,Lvl03,,,,,,,,
MS2181,Lvl03,,,,,,,,
MS2182,Lvl03,,,,,,,,
MS2183,Lvl03,,,,,,,,
MS2184,Lvl03,,,,,,,,
MS2185,Lvl03,,,,,,,,
MS2186,Lvl03,,,,,,,,
MS2187,Lvl03,,,,,,,,
MS2188,Lvl03,,,,,,,,
MS2189,Lvl03,,,,,,,,
MS2190,Lvl03,,,,,,,,
MS2191,Lvl03,,,,,,,,
MS2192,Lvl03,,,,,,,,
MS2193,Lvl03,,,,,,,,
MS2194,Lvl03,,,,,,,,
MS2195,Lvl03,,,,,,,,
MS2196,Lvl03,,,,,,,,
MS2197,Lvl03,,,,,,,,
MS2198,Lvl03,,,,,,,,
MS2199,Lvl03,,,,,,,,
MS2200,Lvl03,,,,,,,,
MS2201,Lvl03,,,,,,,,
MS2202,Lvl03,,,,,,,,
MS2203,Lvl03,,,,,,,,
MS2204,Lvl03,,,,,,,,
MS2205,Lvl03,,,,,,,,
MS2206,Lvl03,,,,,,,,
MS2207,Lvl03,,,,,,,,
MS2208,Lvl03,,,,,,,,
MS2209,Lvl03,,,,,,,,
MS2210,Lvl03,,,,,,,,
MS2211,Lvl03,,,,,,,,
MS2212,Lvl03,,,,,,,,
MS2213,Lvl03,,,,,,,,
MS2214,Lvl03,,,,,,,,
MS2215,Lvl03,,,,,,,,
MS2216,Lvl03,,,,,,,,
MS2217,Lvl03,,,,,,,,
MS2218,Lvl03,,,,,,,,
MS2219,Lvl03,,,,,,,,
MS2220,Lvl03,,,,,,,,
MS2221,Lvl03,,,,,,,,
MS2222,Lvl03,,,,,,,,
MS2223,Lvl03,,,,,,,,
MS2224,Lvl03,,,,,,,,
MS2225,Lvl03,,,,,,,,
MS2226,Lvl03,,,,,,,,
MS2227,Lvl03,,,,,,,,
MS2228,Lvl03,,,,,,,,
MS2229,Lvl03,,,,,,,,
MS2230,Lvl03,,,,,,,,
MS2231,Lvl03,,,,,,,,
MS2232,Lvl03,,,,,,,,
MS2233,Lvl03,,,,,,,,
MS2234,Lvl03,,,,,,,,
MS2235,Lvl03,,,,,,,,
MS2236,Lvl03,,,,,,,,
MS2237,Lvl03,,,,,,,,
MS2238,Lvl03,,,,,,,,
MS2239,Lvl03,,,,,,,,
MS2240,Lvl03,,,,,,,,
MS2241,Lvl03,,,,,,,,
MS2242,Lvl03,,,,,,,,
MS2243,Lvl03,,,,,,,,
MS2244,Lvl03,,,,,,,,
MS2245,Lvl03,,,,,,,,
MS2246,Lvl03,,,,,,,,
MS2247,Lvl03,,,,,,,,
MS2248,Lvl03,,,,,,,,
MS2249,Lvl03,,,,,,,,
MS2250,Lvl03,,,,,,,,
MS2251,Lvl03,,,,,,,,
MS2252,Lvl03,,,,,,,,
MS2253,Lvl03,,,,,,,,
MS2254,Lvl03,,,,,,,,
MS2255,Lvl03,,,,,,,,
MS2256,Lvl03,,,,,,,,
MS2257,Lvl03,,,,,,,,
MS2258,Lvl03,,,,,,,,
MS2259,Lvl03,,,,,,,,
MS2260,Lvl03,,,,,,,,
MS2261,Lvl03,,,,,,,,
MS2262,Lvl03,,,,,,,,
MS2263,Lvl03,,,,,,,,
MS2264,Lvl03,,,,,,,,
MS2265,Lvl03,,,,,,,,
MS2266,Lvl03,,,,,,,,
MS2267,Lvl03,,,,,,,,
MS2268,Lvl03,,,,,,,,
MS2269,Lvl03,,,,,,,,
MS2270,Lvl03,,,,,,,,
MS2271,Lvl03,,,,,,,,
MS2272,Lvl03,,,,,,,,
MS2273,Lvl03,,,,,,,,
MS2274,Lvl03,,,,,,,,
MS2275,Lvl03,,,,,,,,
MS2276,Lvl03,,,,,,,,
MS2277,Lvl03,,,,,,,,
MS2278,Lvl03,,,,,,,,
MS2279,Lvl03,,,,,,,,
MS2280,Lvl03,,,,,,,,
MS2281,Lvl03,,,,,,,,
MS2282,Lvl03,,,,,,,,
MS2283,Lvl03,,,,,,,,
MS2284,Lvl03,,,,,,,,
MS2285,Lvl03,,,,,,,,
MS2286,Lvl03,,,,,,,,
MS2287,Lvl03,,,,,,,,
MS2288,Lvl03,,,,,,,,
MS2289,Lvl03,,,,,,,,
MS2290,Lvl03,,,,,,,,
MS2291,Lvl03,,,,,,,,
MS2292,Lvl03,,,,,,,,
MS2293,Lvl03,,,,,,,,
MS2294,Lvl03,,,,,,,,
MS2295,Lvl03,,,,,,,,
MS2296,Lvl03,,,,,,,,
MS2297,Lvl03,,,,,,,,
MS2298,Lvl03,,,,,,,,
MS2299,Lvl03,,,,,,,,
MS2300,Lvl03,,,,,,,,
MS2301,Lvl03,,,,,,,,
MS2302,Lvl03,,,,,,,,
MS2303,Lvl03,,,,,,,,
MS2304,Lvl03,,,,,,,,
MS2305,Lvl03,,,,,,,,
MS2306,Lvl03,,,,,,,,
MS2307,Lvl03,,,,,,,,
MS2308,Lvl03,,,,,,,,
MS2309,Lvl03,,,,,,,,
MS2310,Lvl03,,,,,,,,
MS2311,Lvl03,,,,,,,,
MS2312,Lvl03,,,,,,,,
MS2313,Lvl03,,,,,,,,
MS2314,Lvl03,,,,,,,,
MS2315,Lvl03,,,,,,,,
MS2316,Lvl03,,,,,,,,
MS2317,Lvl03,,,,,,,,
MS2318,Lvl03,,,,,,,,
MS2319,Lvl03,,,,,,,,
MS2320,Lvl03,,,,,,,,
MS2321,Lvl03,,,,,,,,
MS2322,Lvl03,,,,,,,,
MS2323,Lvl03,,,,,,,,
MS2324,Lvl03,,,,,,,,
MS2325,Lvl03,,,,,,,,
MS2326,Lvl03,,,,,,,,
MS2327,Lvl03,,,,,,,,
MS2328,Lvl03,,,,,,,,
MS2329,Lvl03,,,,,,,,
MS2330,Lvl03,,,,,,,,
MS2331,Lvl03,,,,,,,,
MS2332,Lvl03,,,,,,,,
MS2333,Lvl03,,,,,,,,
MS2334,Lvl03,,,,,,,,
MS2335,Lvl03,,,,,,,,
MS2336,Lvl03,,,,,,,,
MS2337,Lvl03,,,,,,,,
MS2338,Lvl03,,,,,,,,
MS2339,Lvl03,,,,,,,,
MS2340,Lvl03,,,,,,,,
MS2341,Lvl03,,,,,,,,
MS2342,Lvl03,,,,,,,,
MS2343,Lvl03,,,,,,,,
MS2344,Lvl03,,,,,,,,
MS2345,Lvl03,,,,,,,,
MS2346,Lvl03,,,,,,,,
MS2347,Lvl03,,,,,,,,
MS2348,Lvl03,,,,,,,,
MS2349,Lvl03,,,,,,,,
MS2350,Lvl03,,,,,,,,
MS2351,Lvl03,,,,,,,,
MS2352,Lvl03,,,,,,,,
MS2353,Lvl03,,,,,,,,
MS2354,Lvl03,,,,,,,,
MS2355,Lvl03,,,,,,,,
MS2356,Lvl03,,,,,,,,
MS2357,Lvl03,,,,,,,,
MS2358,Lvl03,,,,,,,,
MS2359,Lvl03,,,,,,,,
MS2360,Lvl03,,,,,,,,
MS2361,Lvl03,,,,,,,,
MS2362,Lvl03,,,,,,,,
MS2363,Lvl03,,,,,,,,
MS2364,Lvl03,,,,,,,,
MS2365,Lvl03,,,,,,,,
MS2366,Lvl03,,,,,,,,
MS2367,Lvl03,,,,,,,,
MS2368,Lvl03,,,,,,,,
MS2369,Lvl03,,,,,,,,
MS2370,Lvl03,,,,,,,,
MS2371,Lvl03,,,,,,,,
MS2372,Lvl03,,,,,,,,
MS2373,Lvl03,,,,,,,,
MS2374,Lvl03,,,,,,,,
MS2375,Lvl03,,,,,,,,
MS2376,Lvl03,,,,,,,,
MS2377,Lvl03,,,,,,,,
MS2378,Lvl03,,,,,,,,
MS2379,Lvl03,,,,,,,,
MS2380,Lvl03,,,,,,,,
MS2381,Lvl03,,,,,,,,
MS2382,Lvl03,,,,,,,,
MS2383,Lvl03,,,,,,,,
MS2384,Lvl03,,,,,,,,
MS2385,Lvl03,,,,,,,,
MS2386,Lvl03,,,,,,,,
MS2387,Lvl03,,,,,,,,
MS2388,Lvl03,,,,,,,,
MS2389,Lvl03,,,,,,,,
MS2390,Lvl03,,,,,,,,
MS2391,Lvl03,,,,,,,,
MS2392,Lvl03,,,,,,,,
MS2393,Lvl03,,,,,,,,
MS2394,Lvl03,,,,,,,,
MS2395,Lvl03,,,,,,,,
MS2396,Lvl03,,,,,,,,
MS2397,Lvl03,,,,,,,,
MS2398,Lvl03,,,,,,,,
MS2399,Lvl03,,,,,,,,
MS2400,Lvl03,,,,,,,,
MS2401,Lvl03,,,,,,,,
MS2402,Lvl03,,,,,,,,
MS2403,Lvl03,,,,,,,,
MS2404,Lvl03,,,,,,,,
MS2405,Lvl03,,,,,,,,
MS2406,Lvl03,,,,,,,,
MS2407,Lvl03,,,,,,,,
MS2408,Lvl03,,,,,,,,
MS2409,Lvl03,,,,,,,,
MS2410,Lvl03,,,,,,,,
MS2411,Lvl03,,,,,,,,
MS2412,Lvl03,,,,,,,,
MS2413,Lvl03,,,,,,,,
MS2414,Lvl03,,,,,,,,
MS2415,Lvl03,,,,,,,,
MS2416,Lvl03,,,,,,,,
MS2417,Lvl03,,,,,,,,
MS2418,Lvl03,,,,,,,,
MS2419,Lvl03,,,,,,,,
MS2420,Lvl03,,,,,,,,
MS2421,Lvl03,,,,,,,,
MS2422,Lvl03,,,,,,,,
MS2423,Lvl03,,,,,,,,
MS2424,Lvl03,,,,,,,,
MS2425,Lvl03,,,,,,,,
MS2426,Lvl03,,,,,,,,
MS2427,Lvl03,,,,,,,,
MS2428,Lvl03,,,,,,,,
MS2429,Lvl03,,,,,,,,
MS2430,Lvl03,,,,,,,,
MS2431,Lvl03,,,,,,,,
MS2432,Lvl03,,,,,,,,
MS2433,Lvl03,,,,,,,,
MS2434,Lvl03,,,,,,,,
MS2435,Lvl03,,,,,,,,
MS2436,Lvl03,,,,,,,,
MS2437,Lvl03,,,,,,,,
MS2438,Lvl03,,,,,,,,
MS2439,Lvl03,,,,,,,,
MS2440,Lvl03,,,,,,,,
MS2441,Lvl03,,,,,,,,
MS2442,Lvl03,,,,,,,,
MS2443,Lvl03,,,,,,,,
MS2444,Lvl03,,,,,,,,
MS2445,Lvl03,,,,,,,,
MS2446,Lvl03,,,,,,,,
MS2447,Lvl03,,,,,,,,
MS2448,Lvl03,,,,,,,,
MS2449,Lvl03,,,,,,,,
MS2450,Lvl03,,,,,,,,
MS2451,Lvl03,,,,,,,,
MS2452,Lvl03,,,,,,,,
MS2453,Lvl03,,,,,,,,
MS2454,Lvl03,,,,,,,,
MS2455,Lvl03,,,,,,,,
MS2456,Lvl03,,,,,,,,
MS2457,Lvl03,,,,,,,,
MS2458,Lvl03,,,,,,,,
MS2459,Lvl03,,,,,,,,
MS2460,Lvl03,,,,,,,,
MS2461,Lvl03,,,,,,,,
MS2462,Lvl03,,,,,,,,
MS2463,Lvl03,,,,,,,,
MS2464,Lvl03,,,,,,,,
MS2465,Lvl03,,,,,,,,
MS2466,Lvl03,,,,,,,,
MS2467,Lvl03,,,,,,,,
MS2468,Lvl03,,,,,,,,
MS2469,Lvl03,,,,,,,,
MS2470,Lvl03,,,,,,,,
MS2471,Lvl03,,,,,,,,
MS2472,Lvl03,,,,,,,,
MS2473,Lvl03,,,,,,,,
MS2474,Lvl03,,,,,,,,
MS2475,Lvl03,,,,,,,,
MS2476,Lvl03,,,,,,,,
MS2477,Lvl03,,,,,,,,
MS2478,Lvl03,,,,,,,,
MS2479,Lvl03,,,,,,,,
MS2480,Lvl03,,,,,,,,
MS2481,Lvl03,,,,,,,,
MS2482,Lvl03,,,,,,,,
MS2483,Lvl03,,,,,,,,
MS2484,Lvl03,,,,,,,,
MS2485,Lvl03,,,,,,,,
MS2486,Lvl03,,,,,,,,
MS2487,Lvl03,,,,,,,,
MS2488,Lvl03,,,,,,,,
MS2489,Lvl03,,,,,,,,
MS2490,Lvl03,,,,,,,,
MS2491,Lvl03,,,,,,,,
MS2492,Lvl03,,,,,,,,
MS2493,Lvl03,,,,,,,,
MS2494,Lvl03,,,,,,,,
MS2495,Lvl03,,,,,,,,
MS2496,Lvl03,,,,,,,,
MS2497,Lvl03,,,,,,,,
MS2498,Lvl03,,,,,,,,
MS2499,Lvl03,,,,,,,,
MS2500,Lvl03,,,,,,,,
MS2501,Lvl03,,,,,,,,
MS2502,Lvl03,,,,,,,,
MS2503,Lvl03,,,,,,,,
MS2504,Lvl03,,,,,,,,
MS2505,Lvl03,,,,,,,,
MS2506,Lvl03,,,,,,,,
MS2507,Lvl03,,,,,,,,
MS2508,Lvl03,,,,,,,,
MS2509,Lvl03,,,,,,,,
MS2510,Lvl03,,,,,,,,
MS2511,Lvl03,,,,,,,,
MS2512,Lvl03,,,,,,,,
MS2513,Lvl03,,,,,,,,
MS2514,Lvl03,,,,,,,,
MS2515,Lvl03,,,,,,,,
MS2516,Lvl03,,,,,,,,
MS2517,Lvl03,,,,,,,,
MS2518,Lvl03,,,,,,,,
MS2519,Lvl03,,,,,,,,
MS2520,Lvl03,,,,,,,,
MS2521,Lvl03,,,,,,,,
MS2522,Lvl03,,,,,,,,
MS2523,Lvl03,,,,,,,,
MS2524,Lvl03,,,,,,,,
MS2525,Lvl03,,,,,,,,
MS2526,Lvl03,,,,,,,,
MS2527,Lvl03,,,,,,,,
MS2528,Lvl03,,,,,,,,
MS2529,Lvl03,,,,,,,,
MS2530,Lvl03,,,,,,,,
MS2531,Lvl03,,,,,,,,
MS2532,Lvl03,,,,,,,,
MS2533,Lvl03,,,,,,,,
MS2534,Lvl03,,,,,,,,
MS2535,Lvl03,,,,,,,,
MS2536,Lvl03,,,,,,,,
MS2537,Lvl03,,,,,,,,
MS2538,Lvl03,,,,,,,,
MS2539,Lvl03,,,,,,,,
MS2540,Lvl03,,,,,,,,
MS2541,Lvl03,,,,,,,,
MS2542,Lvl03,,,,,,,,
MS2543,Lvl03,,,,,,,,
MS2544,Lvl03,,,,,,,,
MS2545,Lvl03,,,,,,,,
MS2546,Lvl03,,,,,,,,
MS2547,Lvl03,,,,,,,,
MS2548,Lvl03,,,,,,,,
MS2549,Lvl03,,,,,,,,
MS2550,Lvl03,,,,,,,,
MS2551,Lvl03,,,,,,,,
MS2552,Lvl03,,,,,,,,
MS2553,Lvl03,,,,,,,,
MS2554,Lvl03,,,,,,,,
MS2555,Lvl03,,,,,,,,
MS2556,Lvl03,,,,,,,,
MS2557,Lvl03,,,,,,,,
MS2558,Lvl03,,,,,,,,
MS2559,Lvl03,,,,,,,,
MS2560,Lvl03,,,,,,,,
MS2561,Lvl03,,,,,,,,
MS2562,Lvl03,,,,,,,,
MS2563,Lvl03,,,,,,,,
MS2564,Lvl03,,,,,,,,
MS2565,Lvl03,,,,,,,,
MS2566,Lvl03,,,,,,,,
MS2567,Lvl03,,,,,,,,
MS2568,Lvl03,,,,,,,,
MS2569,Lvl03,,,,,,,,
MS2570,Lvl03,,,,,,,,
MS2571,Lvl03,,,,,,,,
MS2572,Lvl03,,,,,,,,
MS2573,Lvl03,,,,,,,,
MS2574,Lvl03,,,,,,,,
MS2575,Lvl03,,,,,,,,
MS2576,Lvl03,,,,,,,,
MS2577,Lvl03,,,,,,,,
MS2578,Lvl03,,,,,,,,
MS2579,Lvl03,,,,,,,,
MS2580,Lvl03,,,,,,,,
MS2581,Lvl03,,,,,,,,
MS2582,Lvl03,,,,,,,,
MS2583,Lvl03,,,,,,,,
MS2584,Lvl03,,,,,,,,
MS2585,Lvl03,,,,,,,,
MS2586,Lvl03,,,,,,,,
MS2587,Lvl03,,,,,,,,
MS2588,Lvl03,,,,,,,,
MS2589,Lvl03,,,,,,,,
MS2590,Lvl03,,,,,,,,
MS2591,Lvl03,,,,,,,,
MS2592,Lvl03,,,,,,,,
MS2593,Lvl03,,,,,,,,
MS2594,Lvl03,,,,,,,,
MS2595,Lvl03,,,,,,,,
MS2596,Lvl03,,,,,,,,
MS2597,Lvl03,,,,,,,,
MS2598,Lvl03,,,,,,,,
MS2599,Lvl03,,,,,,,,
MS2600,Lvl03,,,,,,,,
MS2601,Lvl03,,,,,,,,
MS2602,Lvl03,,,,,,,,
MS2603,Lvl03,,,,,,,,
MS2604,Lvl03,,,,,,,,
MS2605,Lvl03,,,,,,,,
MS2606,Lvl03,,,,,,,,
MS2607,Lvl03,,,,,,,,
MS2608,Lvl03,,,,,,,,
MS2609,Lvl03,,,,,,,,
MS2610,Lvl03,,,,,,,,
MS2611,Lvl03,,,,,,,,
MS2612,Lvl03,,,,,,,,
MS2613,Lvl03,,,,,,,,
MS2614,Lvl03,,,,,,,,
MS2615,Lvl03,,,,,,,,
MS2616,Lvl03,,,,,,,,
MS2617,Lvl03,,,,,,,,
MS2618,Lvl03,,,,,,,,
MS2619,Lvl03,,,,,,,,
MS2620,Lvl03,,,,,,,,
MS2621,Lvl03,,,,,,,,
MS2622,Lvl03,,,,,,,,
MS2623,Lvl03,,,,,,,,
MS2624,Lvl03,,,,,,,,
MS2625,Lvl03,,,,,,,,
MS2626,Lvl03,,,,,,,,
MS2627,Lvl03,,,,,,,,
MS2628,Lvl03,,,,,,,,
MS2629,Lvl03,,,,,,,,
MS2630,Lvl03,,,,,,,,
MS2631,Lvl03,,,,,,,,
MS2632,Lvl03,,,,,,,,
MS2633,Lvl03,,,,,,,,
MS2634,Lvl03,,,,,,,,
MS2635,Lvl03,,,,,,,,
MS2636,Lvl03,,,,,,,,
MS2637,Lvl03,,,,,,,,
MS2638,Lvl03,,,,,,,,
MS2639,Lvl03,,,,,,,,
MS2640,Lvl03,,,,,,,,
MS2641,Lvl03,,,,,,,,
MS2642,Lvl03,,,,,,,,
MS2643,Lvl03,,,,,,,,
MS2644,Lvl03,,,,,,,,
MS2645,Lvl03,,,,,,,,
MS2646,Lvl03,,,,,,,,
MS2647,Lvl03,,,,,,,,
MS2648,Lvl03,,,,,,,,
MS2649,Lvl03,,,,,,,,
MS2650,Lvl03,,,,,,,,
MS2651,Lvl03,,,,,,,,
MS2652,Lvl03,,,,,,,,
MS2653,Lvl03,,,,,,,,
MS2654,Lvl03,,,,,,,,
MS2655,Lvl03,,,,,,,,
MS2656,Lvl03,,,,,,,,
MS2657,Lvl03,,,,,,,,
MS2658,Lvl03,,,,,,,,
MS2659,Lvl03,,,,,,,,
MS2660,Lvl03,,,,,,,,
MS2661,Lvl03,,,,,,,,
MS2662,Lvl03,,,,,,,,
MS2663,Lvl03,,,,,,,,
MS2664,Lvl03,,,,,,,,
MS2665,Lvl03,,,,,,,,
MS2666,Lvl03,,,,,,,,
MS2667,Lvl03,,,,,,,,
MS2668,Lvl03,,,,,,,,
MS2669,Lvl03,,,,,,,,
MS2670,Lvl03,,,,,,,,
MS2671,Lvl03,,,,,,,,
MS2672,Lvl03,,,,,,,,
MS2673,Lvl03,,,,,,,,
MS2674,Lvl03,,,,,,,,
MS2675,Lvl03,,,,,,,,
MS2676,Lvl03,,,,,,,,
MS2677,Lvl03,,,,,,,,
MS2678,Lvl03,,,,,,,,
MS2679,Lvl03,,,,,,,,
MS2680,Lvl03,,,,,,,,
MS2681,Lvl03,,,,,,,,
MS2682,Lvl03,,,,,,,,
MS2683,Lvl03,,,,,,,,
MS2684,Lvl03,,,,,,,,
MS2685,Lvl03,,,,,,,,
MS2686,Lvl03,,,,,,,,
MS2687,Lvl03,,,,,,,,
MS2688,Lvl03,,,,,,,,
MS2689,Lvl03,,,,,,,,
MS2690,Lvl03,,,,,,,,
MS2691,Lvl03,,,,,,,,
MS2692,Lvl03,,,,,,,,
MS2693,Lvl03,,,,,,,,
MS2694,Lvl03,,,,,,,,
MS2695,Lvl03,,,,,,,,
MS2696,Lvl03,,,,,,,,
MS2697,Lvl03,,,,,,,,
MS2698,Lvl03,,,,,,,,
MS2699,Lvl03,,,,,,,,
MS2700,Lvl03,,,,,,,,
MS2701,Lvl03,,,,,,,,
MS2702,Lvl03,,,,,,,,
MS2703,Lvl03,,,,,,,,
MS2704,Lvl03,,,,,,,,
MS2705,Lvl03,,,,,,,,
MS2706,Lvl03,,,,,,,,
MS2707,Lvl03,,,,,,,,
MS2708,Lvl03,,,,,,,,
MS2709,Lvl03,,,,,,,,
MS2710,Lvl03,,,,,,,,
MS2711,Lvl03,,,,,,,,
MS2712,Lvl03,,,,,,,,
MS2713,Lvl03,,,,,,,,
MS2714,Lvl03,,,,,,,,
MS2715,Lvl03,,,,,,,,
MS2716,Lvl03,,,,,,,,
MS2717,Lvl03,,,,,,,,
MS2718,Lvl03,,,,,,,,
MS2719,Lvl03,,,,,,,,
MS2720,Lvl03,,,,,,,,
MS2721,Lvl03,,,,,,,,
MS2722,Lvl03,,,,,,,,
MS2723,Lvl03,,,,,,,,
MS2724,Lvl03,,,,,,,,
MS2725,Lvl03,,,,,,,,
MS2726,Lvl03,,,,,,,,
MS2727,Lvl03,,,,,,,,
MS2728,Lvl03,,,,,,,,
MS2729,Lvl03,,,,,,,,
MS2730,Lvl03,,,,,,,,
MS2731,Lvl03,,,,,,,,
MS2732,Lvl03,,,,,,,,
MS2733,Lvl03,,,,,,,,
MS2734,Lvl03,,,,,,,,
MS2735,Lvl03,,,,,,,,
MS2736,Lvl03,,,,,,,,
MS2737,Lvl03,,,,,,,,
MS2738,Lvl03,,,,,,,,
MS2739,Lvl03,,,,,,,,
MS2740,Lvl03,,,,,,,,
MS2741,Lvl03,,,,,,,,
MS2742,Lvl03,,,,,,,,
MS2743,Lvl03,,,,,,,,
MS2744,Lvl03,,,,,,,,
MS2745,Lvl03,,,,,,,,
MS2746,Lvl03,,,,,,,,
MS2747,Lvl03,,,,,,,,
MS2748,Lvl03,,,,,,,,
MS2749,Lvl03,,,,,,,,
MS2750,Lvl03,,,,,,,,
MS2751,Lvl03,,,,,,,,
MS2752,Lvl03,,,,,,,,
MS2753,Lvl03,,,,,,,,
MS2754,Lvl03,,,,,,,,
MS2755,Lvl03,,,,,,,,
MS2756,Lvl03,,,,,,,,
MS2757,Lvl03,,,,,,,,
MS2758,Lvl03,,,,,,,,
MS2759,Lvl03,,,,,,,,
MS2760,Lvl03,,,,,,,,
MS2761,Lvl03,,,,,,,,
MS2762,Lvl03,,,,,,,,
MS2763,Lvl03,,,,,,,,
MS2764,Lvl03,,,,,,,,
MS2765,Lvl03,,,,,,,,
MS2766,Lvl03,,,,,,,,
MS2767,Lvl03,,,,,,,,
MS2768,Lvl03,,,,,,,,
MS2769,Lvl03,,,,,,,,
MS2770,Lvl03,,,,,,,,
MS2771,Lvl03,,,,,,,,
MS2772,Lvl03,,,,,,,,
MS2773,Lvl03,,,,,,,,
MS2774,Lvl03,,,,,,,,
MS2775,Lvl03,,,,,,,,
MS2776,Lvl03,,,,,,,,
MS2777,Lvl03,,,,,,,,
MS2778,Lvl03,,,,,,,,
MS2779,Lvl03,,,,,,,,
MS2780,Lvl03,,,,,,,,
MS2781,Lvl03,,,,,,,,
MS2782,Lvl03,,,,,,,,
MS2783,Lvl03,,,,,,,,
MS2784,Lvl03,,,,,,,,
MS2785,Lvl03,,,,,,,,
MS2786,Lvl03,,,,,,,,
MS2787,Lvl03,,,,,,,,
MS2788,Lvl03,,,,,,,,
MS2789,Lvl03,,,,,,,,
MS2790,Lvl03,,,,,,,,
MS2791,Lvl03,,,,,,,,
MS2792,Lvl03,,,,,,,,
MS2793,Lvl03,,,,,,,,
MS2794,Lvl03,,,,,,,,
MS2795,Lvl03,,,,,,,,
MS2796,Lvl03,,,,,,,,
MS2797,Lvl03,,,,,,,,
MS2798,Lvl03,,,,,,,,
MS2799,Lvl03,,,,,,,,
MS2800,Lvl03,,,,,,,,
MS2801,Lvl03,,,,,,,,
MS2802,Lvl03,,,,,,,,
MS2803,Lvl03,,,,,,,,
MS2804,Lvl03,,,,,,,,
MS2805,Lvl03,,,,,,,,
MS2806,Lvl04,,,,,,,,
MS2807,Lvl04,,,,,,,,
MS2808,Lvl04,,,,,,,,
MS2809,Lvl04,,,,,,,,
MS2810,Lvl04,,,,,,,,
MS2811,Lvl04,,,,,,,,
MS2812,Lvl04,,,,,,,,
MS2813,Lvl04,,,,,,,,
MS2814,Lvl04,,,,,,,,
MS2815,Lvl04,,,,,,,,
MS2816,Lvl04,,,,,,,,
MS2817,Lvl04,,,,,,,,
MS2818,Lvl04,,,,,,,,
MS2819,Lvl04,,,,,,,,
MS2820,Lvl04,,,,,,,,
MS2821,Lvl04,,,,,,,,
MS2822,Lvl04,,,,,,,,
MS2823,Lvl04,,,,,,,,
MS2824,Lvl04,,,,,,,,
MS2825,Lvl04,,,,,,,,
MS2826,Lvl04,,,,,,,,
MS2827,Lvl04,,,,,,,,
MS2828,Lvl04,,,,,,,,
MS2829,Lvl04,,,,,,,,
MS2830,Lvl04,,,,,,,,
MS2831,Lvl04,,,,,,,,
MS2832,Lvl04,,,,,,,,
MS2833,Lvl04,,,,,,,,
MS2834,Lvl04,,,,,,,,
MS2835,Lvl04,,,,,,,,
MS2836,Lvl04,,,,,,,,
MS2837,Lvl04,,,,,,,,
MS2838,Lvl04,,,,,,,,
MS2839,Lvl04,,,,,,,,
MS2840,Lvl04,,,,,,,,
MS2841,Lvl04,,,,,,,,
MS2842,Lvl04,,,,,,,,
MS2843,Lvl04,,,,,,,,
MS2844,Lvl04,,,,,,,,
MS2845,Lvl04,,,,,,,,
MS2846,Lvl04,,,,,,,,
MS2847,Lvl04,,,,,,,,
MS2848,Lvl04,,,,,,,,
MS2849,Lvl04,,,,,,,,
MS2850,Lvl04,,,,,,,,
MS2851,Lvl04,,,,,,,,
MS2852,Lvl04,,,,,,,,
MS2853,Lvl04,,,,,,,,
MS2854,Lvl04,,,,,,,,
MS2855,Lvl04,,,,,,,,
MS2856,Lvl04,,,,,,,,
MS2857,Lvl04,,,,,,,,
MS2858,Lvl04,,,,,,,,
MS2859,Lvl04,,,,,,,,
MS2860,Lvl04,,,,,,,,
MS2861,Lvl04,,,,,,,,
MS2862,Lvl04,,,,,,,,
MS2863,Lvl04,,,,,,,,
MS2864,Lvl04,,,,,,,,
MS2865,Lvl04,,,,,,,,
MS2866,Lvl04,,,,,,,,
MS2867,Lvl04,,,,,,,,
MS2868,Lvl04,,,,,,,,
MS2869,Lvl04,,,,,,,,
MS2870,Lvl04,,,,,,,,
MS2871,Lvl04,,,,,,,,
MS2872,Lvl04,,,,,,,,
MS2873,Lvl04,,,,,,,,
MS2874,Lvl04,,,,,,,,
MS2875,Lvl04,,,,,,,,
MS2876,Lvl04,,,,,,,,
MS2877,Lvl04,,,,,,,,
MS2878,Lvl04,,,,,,,,
MS2879,Lvl04,,,,,,,,
MS2880,Lvl04,,,,,,,,
MS2881,Lvl04,,,,,,,,
MS2882,Lvl04,,,,,,,,
MS2883,Lvl04,,,,,,,,
MS2884,Lvl04,,,,,,,,
MS2885,Lvl04,,,,,,,,
MS2886,Lvl04,,,,,,,,
MS2887,Lvl04,,,,,,,,
MS2888,Lvl04,,,,,,,,
MS2889,Lvl04,,,,,,,,
MS2890,Lvl04,,,,,,,,
MS2891,Lvl04,,,,,,,,
MS2892,Lvl04,,,,,,,,
MS2893,Lvl04,,,,,,,,
MS2894,Lvl04,,,,,,,,
MS2895,Lvl04,,,,,,,,
MS2896,Lvl04,,,,,,,,
MS2897,Lvl04,,,,,,,,
MS2898,Lvl04,,,,,,,,
MS2899,Lvl04,,,,,,,,
MS2900,Lvl04,,,,,,,,
MS2901,Lvl04,,,,,,,,
MS2902,Lvl04,,,,,,,,
MS2903,Lvl04,,,,,,,,
MS2904,Lvl04,,,,,,,,
MS2905,Lvl04,,,,,,,,
MS2906,Lvl04,,,,,,,,
MS2907,Lvl04,,,,,,,,
MS2908,Lvl04,,,,,,,,
MS2909,Lvl04,,,,,,,,
MS2910,Lvl04,,,,,,,,
MS2911,Lvl04,,,,,,,,
MS2912,Lvl04,,,,,,,,
MS2913,Lvl04,,,,,,,,
MS2914,Lvl04,,,,,,,,
MS2915,Lvl04,,,,,,,,
MS2916,Lvl04,,,,,,,,
MS2917,Lvl04,,,,,,,,
MS2918,Lvl04,,,,,,,,
MS2919,Lvl04,,,,,,,,
MS2920,Lvl04,,,,,,,,
MS2921,Lvl04,,,,,,,,
MS2922,Lvl04,,,,,,,,
MS2923,Lvl04,,,,,,,,
MS2924,Lvl04,,,,,,,,
MS2925,Lvl04,,,,,,,,
MS2926,Lvl04,,,,,,,,
MS2927,Lvl04,,,,,,,,
MS2928,Lvl04,,,,,,,,
MS2929,Lvl04,,,,,,,,
MS2930,Lvl04,,,,,,,,
MS2931,Lvl04,,,,,,,,
MS2932,Lvl04,,,,,,,,
MS2933,Lvl04,,,,,,,,
MS2934,Lvl04,,,,,,,,
MS2935,Lvl04,,,,,,,,
MS2936,Lvl04,,,,,,,,
MS2937,Lvl04,,,,,,,,
MS2938,Lvl04,,,,,,,,
MS2939,Lvl04,,,,,,,,
MS2940,Lvl04,,,,,,,,
MS2941,Lvl04,,,,,,,,
MS2942,Lvl04,,,,,,,,
MS2943,Lvl04,,,,,,,,
MS2944,Lvl04,,,,,,,,
MS2945,Lvl04,,,,,,,,
MS2946,Lvl04,,,,,,,,
MS2947,Lvl04,,,,,,,,
MS2948,Lvl04,,,,,,,,
MS2949,Lvl04,,,,,,,,
MS2950,Lvl04,,,,,,,,
MS2951,Lvl04,,,,,,,,
MS2952,Lvl04,,,,,,,,
MS2953,Lvl04,,,,,,,,
MS2954,Lvl04,,,,,,,,
MS2955,Lvl04,,,,,,,,
MS2956,Lvl04,,,,,,,,
MS2957,Lvl04,,,,,,,,
MS2958,Lvl04,,,,,,,,
MS2959,Lvl04,,,,,,,,
MS2960,Lvl04,,,,,,,,
MS2961,Lvl04,,,,,,,,
MS2962,Lvl04,,,,,,,,
MS2963,Lvl04,,,,,,,,
MS2964,Lvl04,,,,,,,,
MS2965,Lvl04,,,,,,,,
MS2966,Lvl04,,,,,,,,
MS2967,Lvl04,,,,,,,,
MS2968,Lvl04,,,,,,,,
MS2969,Lvl04,,,,,,,,
MS2970,Lvl04,,,,,,,,
MS2971,Lvl04,,,,,,,,
MS2972,Lvl04,,,,,,,,
MS2973,Lvl04,,,,,,,,
MS2974,Lvl04,,,,,,,,
MS2975,Lvl04,,,,,,,,
MS2976,Lvl04,,,,,,,,
MS2977,Lvl04,,,,,,,,
MS2978,Lvl04,,,,,,,,
MS2979,Lvl04,,,,,,,,
MS2980,Lvl04,,,,,,,,
MS2981,Lvl04,,,,,,,,
MS2982,Lvl04,,,,,,,,
MS2983,Lvl04,,,,,,,,
MS2984,Lvl04,,,,,,,,
MS2985,Lvl04,,,,,,,,
MS2986,Lvl04,,,,,,,,
MS2987,Lvl04,,,,,,,,
MS2988,Lvl04,,,,,,,,
MS2989,Lvl04,,,,,,,,
MS2990,Lvl04,,,,,,,,
MS2991,Lvl04,,,,,,,,
MS2992,Lvl04,,,,,,,,
MS2993,Lvl04,,,,,,,,
MS2994,Lvl04,,,,,,,,
MS2995,Lvl04,,,,,,,,
MS2996,Lvl04,,,,,,,,
MS2997,Lvl04,,,,,,,,
MS2998,Lvl04,,,,,,,,
MS2999,Lvl04,,,,,,,,
MS3000,Lvl04,,,,,,,,
MS3001,Lvl04,,,,,,,,
MS3002,Lvl04,,,,,,,,
MS3003,Lvl04,,,,,,,,
MS3004,Lvl04,,,,,,,,
MS3005,Lvl04,,,,,,,,
MS3006,Lvl04,,,,,,,,
MS3007,Lvl04,,,,,,,,
MS3008,Lvl04,,,,,,,,
MS3009,Lvl04,,,,,,,,
MS3010,Lvl04,,,,,,,,
MS3011,Lvl04,,,,,,,,
MS3012,Lvl04,,,,,,,,
MS3013,Lvl04,,,,,,,,
MS3014,Lvl04,,,,,,,,
MS3015,Lvl04,,,,,,,,
MS3016,Lvl04,,,,,,,,
MS3017,Lvl04,,,,,,,,
MS3018,Lvl04,,,,,,,,
MS3019,Lvl04,,,,,,,,
MS3020,Lvl04,,,,,,,,
MS3021,Lvl04,,,,,,,,
MS3022,Lvl04,,,,,,,,
MS3023,Lvl04,,,,,,,,
MS3024,Lvl04,,,,,,,,
MS3025,Lvl04,,,,,,,,
MS3026,Lvl04,,,,,,,,
MS3027,Lvl04,,,,,,,,
MS3028,Lvl04,,,,,,,,
MS3029,Lvl04,,,,,,,,
MS3030,Lvl04,,,,,,,,
MS3031,Lvl04,,,,,,,,
MS3032,Lvl04,,,,,,,,
MS3033,Lvl04,,,,,,,,
MS3034,Lvl04,,,,,,,,
MS3035,Lvl04,,,,,,,,
MS3036,Lvl04,,,,,,,,
MS3037,Lvl04,,,,,,,,
MS3038,Lvl04,,,,,,,,
MS3039,Lvl04,,,,,,,,
MS3040,Lvl04,,,,,,,,
MS3041,Lvl04,,,,,,,,
MS3042,Lvl04,,,,,,,,
MS3043,Lvl04,,,,,,,,
MS3044,Lvl04,,,,,,,,
MS3045,Lvl04,,,,,,,,
MS3046,Lvl04,,,,,,,,
MS3047,Lvl04,,,,,,,,
MS3048,Lvl04,,,,,,,,
MS3049,Lvl04,,,,,,,,
MS3050,Lvl04,,,,,,,,
MS3051,Lvl04,,,,,,,,
MS3052,Lvl04,,,,,,,,
MS3053,Lvl04,,,,,,,,
MS3054,Lvl04,,,,,,,,
MS3055,Lvl04,,,,,,,,
MS3056,Lvl04,,,,,,,,
MS3057,Lvl04,,,,,,,,
MS3058,Lvl04,,,,,,,,
MS3059,Lvl04,,,,,,,,
MS3060,Lvl04,,,,,,,,
MS3061,Lvl04,,,,,,,,
MS3062,Lvl04,,,,,,,,
MS3063,Lvl04,,,,,,,,
MS3064,Lvl04,,,,,,,,
MS3065,Lvl04,,,,,,,,
MS3066,Lvl04,,,,,,,,
MS3067,Lvl04,,,,,,,,
MS3068,Lvl04,,,,,,,,
MS3069,Lvl04,,,,,,,,
MS3070,Lvl04,,,,,,,,
MS3071,Lvl04,,,,,,,,
MS3072,Lvl04,,,,,,,,
MS3073,Lvl04,,,,,,,,
MS3074,Lvl04,,,,,,,,
MS3075,Lvl04,,,,,,,,
MS3076,Lvl04,,,,,,,,
MS3077,Lvl04,,,,,,,,
MS3078,Lvl04,,,,,,,,
MS3079,Lvl04,,,,,,,,
MS3080,Lvl04,,,,,,,,
MS3081,Lvl04,,,,,,,,
MS3082,Lvl04,,,,,,,,
MS3083,Lvl04,,,,,,,,
MS3084,Lvl04,,,,,,,,
MS3085,Lvl04,,,,,,,,
MS3086,Lvl04,,,,,,,,
MS3087,Lvl04,,,,,,,,
MS3088,Lvl04,,,,,,,,
MS3089,Lvl04,,,,,,,,
MS3090,Lvl04,,,,,,,,
MS3091,Lvl04,,,,,,,,
MS3092,Lvl04,,,,,,,,
MS3093,Lvl04,,,,,,,,
MS3094,Lvl04,,,,,,,,
MS3095,Lvl04,,,,,,,,
MS3096,Lvl04,,,,,,,,
MS3097,Lvl04,,,,,,,,
MS3098,Lvl04,,,,,,,,
MS3099,Lvl04,,,,,,,,
MS3100,Lvl04,,,,,,,,
MS3101,Lvl04,,,,,,,,
MS3102,Lvl04,,,,,,,,
MS3103,Lvl04,,,,,,,,
MS3104,Lvl04,,,,,,,,
MS3105,Lvl04,,,,,,,,
MS3106,Lvl04,,,,,,,,
MS3107,Lvl04,,,,,,,,
MS3108,Lvl04,,,,,,,,
MS3109,Lvl04,,,,,,,,
MS3110,Lvl04,,,,,,,,
MS3111,Lvl04,,,,,,,,
MS3112,Lvl04,,,,,,,,
MS3113,Lvl04,,,,,,,,
MS3114,Lvl04,,,,,,,,
MS3115,Lvl04,,,,,,,,
MS3116,Lvl04,,,,,,,,
MS3117,Lvl04,,,,,,,,
MS3118,Lvl04,,,,,,,,
MS3119,Lvl04,,,,,,,,
MS3120,Lvl04,,,,,,,,
MS3121,Lvl04,,,,,,,,
MS3122,Lvl04,,,,,,,,
MS3123,Lvl04,,,,,,,,
MS3124,Lvl04,,,,,,,,
MS3125,Lvl04,,,,,,,,
MS3126,Lvl04,,,,,,,,
MS3127,Lvl04,,,,,,,,
MS3128,Lvl04,,,,,,,,
MS3129,Lvl04,,,,,,,,
MS3130,Lvl04,,,,,,,,
MS3131,Lvl04,,,,,,,,
MS3132,Lvl04,,,,,,,,
MS3133,Lvl04,,,,,,,,
MS3134,Lvl04,,,,,,,,
MS3135,Lvl04,,,,,,,,
MS3136,Lvl04,,,,,,,,
MS3137,Lvl04,,,,,,,,
MS3138,Lvl04,,,,,,,,
MS3139,Lvl04,,,,,,,,
MS3140,Lvl04,,,,,,,,
MS3141,Lvl04,,,,,,,,
MS3142,Lvl04,,,,,,,,
MS3143,Lvl04,,,,,,,,
MS3144,Lvl04,,,,,,,,
MS3145,Lvl04,,,,,,,,
MS3146,Lvl04,,,,,,,,
MS3147,Lvl04,,,,,,,,
MS3148,Lvl04,,,,,,,,
MS3149,Lvl04,,,,,,,,
MS3150,Lvl04,,,,,,,,
MS3151,Lvl04,,,,,,,,
MS3152,Lvl04,,,,,,,,
MS3153,Lvl04,,,,,,,,
MS3154,Lvl04,,,,,,,,
MS3155,Lvl04,,,,,,,,
MS3156,Lvl04,,,,,,,,
MS3157,Lvl04,,,,,,,,
MS3158,Lvl04,,,,,,,,
MS3159,Lvl04,,,,,,,,
MS3160,Lvl04,,,,,,,,
MS3161,Lvl04,,,,,,,,
MS3162,Lvl04,,,,,,,,
MS3163,Lvl04,,,,,,,,
MS3164,Lvl04,,,,,,,,
MS3165,Lvl04,,,,,,,,
MS3166,Lvl04,,,,,,,,
MS3167,Lvl04,,,,,,,,
MS3168,Lvl04,,,,,,,,
MS3169,Lvl04,,,,,,,,
MS3170,Lvl04,,,,,,,,
MS3171,Lvl04,,,,,,,,
MS3172,Lvl04,,,,,,,,
MS3173,Lvl04,,,,,,,,
MS3174,Lvl04,,,,,,,,
MS3175,Lvl04,,,,,,,,
MS3176,Lvl04,,,,,,,,
MS3177,Lvl04,,,,,,,,
MS3178,Lvl04,,,,,,,,
MS3179,Lvl04,,,,,,,,
MS3180,Lvl04,,,,,,,,
MS3181,Lvl04,,,,,,,,
MS3182,Lvl04,,,,,,,,
MS3183,Lvl04,,,,,,,,
MS3184,Lvl04,,,,,,,,
MS3185,Lvl04,,,,,,,,
MS3186,Lvl04,,,,,,,,
MS3187,Lvl04,,,,,,,,
MS3188,Lvl04,,,,,,,,
MS3189,Lvl04,,,,,,,,
MS3190,Lvl04,,,,,,,,
MS3191,Lvl04,,,,,,,,
MS3192,Lvl04,,,,,,,,
MS3193,Lvl04,,,,,,,,
MS3194,Lvl04,,,,,,,,
MS3195,Lvl04,,,,,,,,
MS3196,Lvl04,,,,,,,,
MS3197,Lvl04,,,,,,,,
MS3198,Lvl04,,,,,,,,
MS3199,Lvl04,,,,,,,,
MS3200,Lvl04,,,,,,,,
MS3201,Lvl04,,,,,,,,
MS3202,Lvl04,,,,,,,,
MS3203,Lvl04,,,,,,,,
MS3204,Lvl04,,,,,,,,
MS3205,Lvl04,,,,,,,,
MS3206,Lvl04,,,,,,,,
MS3207,Lvl04,,,,,,,,
MS3208,Lvl04,,,,,,,,
MS3209,Lvl04,,,,,,,,
MS3210,Lvl04,,,,,,,,
MS3211,Lvl04,,,,,,,,
MS3212,Lvl04,,,,,,,,
MS3213,Lvl04,,,,,,,,
MS3214,Lvl04,,,,,,,,
MS3215,Lvl04,,,,,,,,
MS3216,Lvl04,,,,,,,,
MS3217,Lvl04,,,,,,,,
MS3218,Lvl04,,,,,,,,
MS3219,Lvl04,,,,,,,,
MS3220,Lvl04,,,,,,,,
MS3221,Lvl04,,,,,,,,
MS3222,Lvl04,,,,,,,,
MS3223,Lvl04,,,,,,,,
MS3224,Lvl04,,,,,,,,
MS3225,Lvl04,,,,,,,,
MS3226,Lvl04,,,,,,,,
MS3227,Lvl04,,,,,,,,
MS3228,Lvl04,,,,,,,,
MS3229,Lvl04,,,,,,,,
MS3230,Lvl04,,,,,,,,
MS3231,Lvl04,,,,,,,,
MS3232,Lvl04,,,,,,,,
MS3233,Lvl04,,,,,,,,
MS3234,Lvl04,,,,,,,,
MS3235,Lvl04,,,,,,,,
MS3236,Lvl04,,,,,,,,
MS3237,Lvl04,,,,,,,,
MS3238,Lvl04,,,,,,,,
MS3239,Lvl04,,,,,,,,
MS3240,Lvl04,,,,,,,,
MS3241,Lvl04,,,,,,,,
MS3242,Lvl04,,,,,,,,
MS3243,Lvl04,,,,,,,,
MS3244,Lvl04,,,,,,,,
MS3245,Lvl04,,,,,,,,
MS3246,Lvl04,,,,,,,,
MS3247,Lvl04,,,,,,,,
MS3248,Lvl04,,,,,,,,
MS3249,Lvl04,,,,,,,,
MS3250,Lvl04,,,,,,,,
MS3251,Lvl04,,,,,,,,
MS3252,Lvl04,,,,,,,,
MS3253,Lvl04,,,,,,,,
MS3254,Lvl04,,,,,,,,
MS3255,Lvl04,,,,,,,,
MS3256,Lvl04,,,,,,,,
MS3257,Lvl04,,,,,,,,
MS3258,Lvl04,,,,,,,,
MS3259,Lvl04,,,,,,,,
MS3260,Lvl04,,,,,,,,
MS3261,Lvl04,,,,,,,,
MS3262,Lvl04,,,,,,,,
MS3263,Lvl04,,,,,,,,
MS3264,Lvl04,,,,,,,,
MS3265,Lvl04,,,,,,,,
MS3266,Lvl04,,,,,,,,
MS3267,Lvl04,,,,,,,,
MS3268,Lvl04,,,,,,,,
MS3269,Lvl04,,,,,,,,
MS3270,Lvl04,,,,,,,,
MS3271,Lvl04,,,,,,,,
MS3272,Lvl04,,,,,,,,
MS3273,Lvl04,,,,,,,,
MS3274,Lvl04,,,,,,,,
MS3275,Lvl04,,,,,,,,
MS3276,Lvl04,,,,,,,,
MS3277,Lvl04,,,,,,,,
MS3278,Lvl04,,,,,,,,
MS3279,Lvl04,,,,,,,,
MS3280,Lvl04,,,,,,,,
MS3281,Lvl04,,,,,,,,
MS3282,Lvl04,,,,,,,,
MS3283,Lvl04,,,,,,,,
MS3284,Lvl04,,,,,,,,
MS3285,Lvl04,,,,,,,,
MS3286,Lvl04,,,,,,,,
MS3287,Lvl04,,,,,,,,
MS3288,Lvl04,,,,,,,,
MS3289,Lvl04,,,,,,,,
MS3290,Lvl04,,,,,,,,
MS3291,Lvl04,,,,,,,,
MS3292,Lvl04,,,,,,,,
MS3293,Lvl04,,,,,,,,
MS3294,Lvl04,,,,,,,,
MS3295,Lvl04,,,,,,,,
MS3296,Lvl04,,,,,,,,
MS3297,Lvl04,,,,,,,,
MS3298,Lvl04,,,,,,,,
MS3299,Lvl04,,,,,,,,
MS3300,Lvl04,,,,,,,,
MS3301,Lvl04,,,,,,,,
MS3302,Lvl04,,,,,,,,
MS3303,Lvl04,,,,,,,,
MS3304,Lvl04,,,,,,,,
MS3305,Lvl04,,,,,,,,
MS3306,Lvl04,,,,,,,,
MS3307,Lvl04,,,,,,,,
MS3308,Lvl04,,,,,,,,
MS3309,Lvl04,,,,,,,,
MS3310,Lvl04,,,,,,,,
MS3311,Lvl04,,,,,,,,
MS3312,Lvl04,,,,,,,,
MS3313,Lvl04,,,,,,,,
MS3314,Lvl05,,,,,,,,
MS3315,Lvl05,,,,,,,,
MS3316,Lvl05,,,,,,,,
MS3317,Lvl05,,,,,,,,
MS3318,Lvl05,,,,,,,,
MS3319,Lvl05,,,,,,,,
MS3320,Lvl05,,,,,,,,
MS3321,Lvl05,,,,,,,,
MS3322,Lvl05,,,,,,,,
MS3323,Lvl05,,,,,,,,
MS3324,Lvl05,,,,,,,,
MS3325,Lvl05,,,,,,,,
MS3326,Lvl05,,,,,,,,
MS3327,Lvl05,,,,,,,,
MS3328,Lvl05,,,,,,,,
MS3329,Lvl05,,,,,,,,
MS3330,Lvl05,,,,,,,,
MS3331,Lvl05,,,,,,,,
MS3332,Lvl05,,,,,,,,
MS3333,Lvl05,,,,,,,,
MS3334,Lvl05,,,,,,,,
MS3335,Lvl05,,,,,,,,
MS3336,Lvl05,,,,,,,,
MS3337,Lvl05,,,,,,,,
MS3338,Lvl05,,,,,,,,
MS3339,Lvl05,,,,,,,,
MS3340,Lvl05,,,,,,,,
MS3341,Lvl05,,,,,,,,
MS3342,Lvl05,,,,,,,,
MS3343,Lvl05,,,,,,,,
MS3344,Lvl05,,,,,,,,
MS3345,Lvl05,,,,,,,,
MS3346,Lvl05,,,,,,,,
MS3347,Lvl05,,,,,,,,
MS3348,Lvl05,,,,,,,,
MS3349,Lvl05,,,,,,,,
MS3350,Lvl05,,,,,,,,
MS3351,Lvl05,,,,,,,,
MS3352,Lvl05,,,,,,,,
MS3353,Lvl05,,,,,,,,
MS3354,Lvl05,,,,,,,,
MS3355,Lvl05,,,,,,,,
MS3356,Lvl05,,,,,,,,
MS3357,Lvl05,,,,,,,,
MS3358,Lvl05,,,,,,,,
MS3359,Lvl05,,,,,,,,
MS3360,Lvl05,,,,,,,,
MS3361,Lvl05,,,,,,,,
MS3362,Lvl05,,,,,,,,
MS3363,Lvl05,,,,,,,,
MS3364,Lvl05,,,,,,,,
MS3365,Lvl05,,,,,,,,
MS3366,Lvl05,,,,,,,,
MS3367,Lvl05,,,,,,,,
MS3368,Lvl05,,,,,,,,
MS3369,Lvl05,,,,,,,,
MS3370,Lvl05,,,,,,,,
MS3371,Lvl05,,,,,,,,
MS3372,Lvl05,,,,,,,,
MS3373,Lvl05,,,,,,,,
MS3374,Lvl05,,,,,,,,
MS3375,Lvl05,,,,,,,,
MS3376,Lvl05,,,,,,,,
MS3377,Lvl05,,,,,,,,
MS3378,Lvl05,,,,,,,,
MS3379,Lvl05,,,,,,,,
MS3380,Lvl05,,,,,,,,
MS3381,Lvl05,,,,,,,,
MS3382,Lvl05,,,,,,,,
MS3383,Lvl05,,,,,,,,
MS3384,Lvl05,,,,,,,,
MS3385,Lvl05,,,,,,,,
MS3386,Lvl05,,,,,,,,
MS3387,Lvl05,,,,,,,,
MS3388,Lvl05,,,,,,,,
MS3389,Lvl05,,,,,,,,
MS3390,Lvl05,,,,,,,,
MS3391,Lvl05,,,,,,,,
MS3392,Lvl05,,,,,,,,
MS3393,Lvl05,,,,,,,,
MS3394,Lvl05,,,,,,,,
MS3395,Lvl05,,,,,,,,
MS3396,Lvl05,,,,,,,,
MS3397,Lvl05,,,,,,,,
MS3398,Lvl05,,,,,,,,
MS3399,Lvl05,,,,,,,,
MS3400,Lvl05,,,,,,,,
MS3401,Lvl05,,,,,,,,
MS3402,Lvl05,,,,,,,,
MS3403,Lvl05,,,,,,,,
MS3404,Lvl05,,,,,,,,
MS3405,Lvl05,,,,,,,,
MS3406,Lvl05,,,,,,,,
MS3407,Lvl05,,,,,,,,
MS3408,Lvl05,,,,,,,,
MS3409,Lvl05,,,,,,,,
MS3410,Lvl05,,,,,,,,
MS3411,Lvl05,,,,,,,,
MS3412,Lvl05,,,,,,,,
MS3413,Lvl05,,,,,,,,
MS3414,Lvl05,,,,,,,,
MS3415,Lvl05,,,,,,,,
MS3416,Lvl05,,,,,,,,
MS3417,Lvl05,,,,,,,,
MS3418,Lvl05,,,,,,,,
MS3419,Lvl05,,,,,,,,
MS3420,Lvl05,,,,,,,,
MS3421,Lvl05,,,,,,,,
MS3422,Lvl05,,,,,,,,
MS3423,Lvl05,,,,,,,,
MS3424,Lvl05,,,,,,,,
MS3425,Lvl05,,,,,,,,
MS3426,Lvl05,,,,,,,,
MS3427,Lvl05,,,,,,,,
MS3428,Lvl05,,,,,,,,
MS3429,Lvl05,,,,,,,,
MS3430,Lvl05,,,,,,,,
MS3431,Lvl05,,,,,,,,
MS3432,Lvl05,,,,,,,,
MS3433,Lvl05,,,,,,,,
MS3434,Lvl05,,,,,,,,
MS3435,Lvl05,,,,,,,,
MS3436,Lvl05,,,,,,,,
MS3437,Lvl05,,,,,,,,
MS3438,Lvl05,,,,,,,,
MS3439,Lvl05,,,,,,,,
MS3440,Lvl05,,,,,,,,
MS3441,Lvl05,,,,,,,,
MS3442,Lvl05,,,,,,,,
MS3443,Lvl05,,,,,,,,
MS3444,Lvl05,,,,,,,,
MS3445,Lvl05,,,,,,,,
MS3446,Lvl05,,,,,,,,
MS3447,Lvl05,,,,,,,,
MS3448,Lvl05,,,,,,,,
MS3449,Lvl05,,,,,,,,
MS3450,Lvl05,,,,,,,,
MS3451,Lvl05,,,,,,,,
MS3452,Lvl05,,,,,,,,
MS3453,Lvl05,,,,,,,,
MS3454,Lvl05,,,,,,,,
MS3455,Lvl05,,,,,,,,
MS3456,Lvl05,,,,,,,,
MS3457,Lvl05,,,,,,,,
MS3458,Lvl05,,,,,,,,
MS3459,Lvl05,,,,,,,,
MS3460,Lvl05,,,,,,,,
MS3461,Lvl05,,,,,,,,
MS3462,Lvl05,,,,,,,,
MS3463,Lvl05,,,,,,,,
MS3464,Lvl05,,,,,,,,
MS3465,Lvl05,,,,,,,,
MS3466,Lvl05,,,,,,,,
MS3467,Lvl05,,,,,,,,
MS3468,Lvl05,,,,,,,,
MS3469,Lvl05,,,,,,,,
MS3470,Lvl05,,,,,,,,
MS3471,Lvl05,,,,,,,,
MS3472,Lvl05,,,,,,,,
MS3473,Lvl05,,,,,,,,
MS3474,Lvl05,,,,,,,,
MS3475,Lvl05,,,,,,,,
MS3476,Lvl05,,,,,,,,
MS3477,Lvl05,,,,,,,,
MS3478,Lvl05,,,,,,,,
MS3479,Lvl05,,,,,,,,
MS3480,Lvl05,,,,,,,,
MS3481,Lvl05,,,,,,,,
MS3482,Lvl05,,,,,,,,
MS3483,Lvl05,,,,,,,,
MS3484,Lvl05,,,,,,,,
MS3485,Lvl05,,,,,,,,
MS3486,Lvl05,,,,,,,,
MS3487,Lvl05,,,,,,,,
MS3488,Lvl05,,,,,,,,
MS3489,Lvl05,,,,,,,,
MS3490,Lvl05,,,,,,,,
MS3491,Lvl05,,,,,,,,
MS3492,Lvl05,,,,,,,,
MS3493,Lvl05,,,,,,,,
MS3494,Lvl05,,,,,,,,
MS3495,Lvl05,,,,,,,,
MS3496,Lvl05,,,,,,,,
MS3497,Lvl05,,,,,,,,
MS3498,Lvl05,,,,,,,,
MS3499,Lvl05,,,,,,,,